𧵑,cuar,1
吧,vaf,2
𱻀,laf,3
𠬠,mootj,4
固,cos,5
仍,nhuwngx,6
𠊛,nguwowif,7
𠊚,ngaif,7
𥪝,trongz,8
特,dduwowcj,9
空,khoongz,10
㐌,ddax,11
𠇍,maays,12
唄,vowis,12
朱,choz,13
各,cacs,14
碎,tooiz,15
於,owr,16
翁,oongz,17
𧗱,veef,18
底,ddeer,19
拱,cungx,20
旦,ddans,21
𦤾,ddeens,21
呢,nayf,22
𠓨,vaof,23
𡗉,nhieeuf,24
偀,anhz,25
妬,ddos,26
如,nhuwz,27
自,tuwj,28
欺,khiz,30
𨕭,treenz,31
𫥨,raz,32
𦓡,maf,33
沛,phair,34
吏,laij,35
群,conf,36
𠱊,sex,37
時,thif,38
㖘,thif,38
𢆥,nawmz,39
爫,lamf,40
茹,nhaf,41
𨉟,minhf,42
𠫾,ddiz,43
𡥵,conz,44
在,taij,45
𠄩,haiz,46
被,bij,47
備,bij,47
役,vieecj,48
只,chir,49
事,suwj,50
遶,theoz,51
丐,cais,52
爲,vif,53
欣,hownz,54
呐,nois,55
姑,cooz,56
𣈜,ngayf,57
㵋,mowis,58
𨖲,leenz,59
慄,raats,60
戶,hoj,61
婆,baf,62
局,cuoocj,63
册,sachs,64
同,ddoongf,65
銅,ddoongf,65
垌,ddoongf,65
𡢐,sauz,66
當,ddangz,68
咍,hayz,69
𤯩,soongs,70
年,nieenz,71
𢧚,neenz,71
固體,cos theer,72
固體,cos theer,72
别,bieets,73
𧡊,thaays,74
耒,rooif,75
城,thanhf,76
成,thanhf,76
誠,thanhf,76
吻,vaanx,77
恪,khacs,78
𠄼,nawmz,79
渃,nuwowcs,80
伮,nos,81
細,towis,82
戈,quaz,83
哿,car,84
共,coongj,85
之,gif,86
低,ddaayz,87
数,soos,88
歲,tuooir,89
次,thuws,90
奇,kyf,91
期,kyf,91
旗,cowf,91
圻,kyf,91
㛪,emz,92
一,nhaats,93
𠓀,truwowcs,94
伴,banj,95
意,ys,96
影,anhr,97
凭,bawngf,98
平,binhf,98
朋,bawngf,98
芇,naof,99
頭,ddaauf,100
投,ddaauf,100
阮,nguyeenx,101
哴,rawngf,102
格,cachs,103
革,cachs,103
曰,vieets,104
尋,timf,105
𣅶,lucs,106
李,lys,107
理,lys,107
作品,tacs phaamr,108
作品,tacs phaamr,108
正,chinhs,109
政,chinhs,109
𧘇,aays,110
𣎃,thangs,111
會,hooij,112
憢,nhauz,113
𣗓,chuwaz,114
吝,laanf,116
由,doz,117
𣃣,vuwaf,118
㦖,muoons,119
文,vawnz,120
工,coongz,121
卷,quyeenr,122
捲,cuoons,122
調,ddeeuf,123
條,ddieeuf,123
花,hoaz,124
華,hoaz,124
𡘯,lowns,125
埃,aiz,126
𠀧,baz,127
爸,baz,127
㗂,tieengs,128
塘,dduwowngf,129
糖,dduwowngf,129
堂,dduwowngf,129
世,thees,130
替,thees,130
勢,thees,130
曾,tuwngf,131
𫢩,nayz,132
坭,nowiz,133
形,hinhf,134
前,tieenf,135
錢,tieenf,135
些,taz,136
文化,vawnz hoas,137
文化,vawnz hoas,137
南,namz,138
越,vieetj,139
中,trungz,140
𠮩,neeus,141
𥘷,trer,142
家庭,giaz ddinhf,143
家庭,giaz ddinhf,143
𠸜,teenz,144
𥏌,teenz,144
實,thaatj,145
媄,mej,146
勤,caanf,147
𡀯,chuyeenj,148
每,mooix,149
組織,toor chuwcs,150
組織,toor chuwcs,150
芒,mangz,151
城庯,thanhf phoos,153
城庯,thanhf phoos,153
姉,chij,154
車,xez,155
禮,leex,156
迻,dduwaz,157
𥆾,nhinf,158
國,quoocs,159
添,theemz,160
世界,thees giowis,161
世界,thees giowis,161
高,caoz,162
步,booj,163
部,booj,163
隻,chieecs,164
𤞦,moij,165
書,thuwz,166
爭,tranhz,167
幀,tranhz,167
𢬣,tayz,168
𢝙,vuiz,170
信,tinz,171
眾碎,chungs tooiz,172
眾碎,chungs tooiz,172
吀,xinz,173
民,daanz,174
省,tinhr,175
過,quas,176
咹,awnz,177
𢞅,yeeuz,178
要,yeeuz,178
𡨌,giuwax,179
𡞕,vowj,180
讀,ddocj,181
作者,tacs giar,182
作者,tacs giar,182
𣩂,cheets,183
場,truwowngf,184
長,truwowngr,184
行,hangf,185
航,hangf,185
𥙩,laays,186
𦖑,nghez,187
茹文,nhaf vawnz,188
茹文,nhaf vawnz,188
𢢲,ddepj,189
字,tuwj,190
𠢞,giups,191
𡮈,nhor,192
朱别,choz bieets,194
朱别,choz bieets,194
藝術,ngheej thuaatj,195
藝術,ngheej thuaatj,195
姅,nuwar,196
𠯆,nuwax,196
女𖿱,nuwax,196
女𖿱,nuwax,196
常,thuwowngf,197
時間,thowif gianz,198
時間,thowif gianz,198
學,hocj,199
東,ddoongz,200
𠅍,maats,201
𨑜,xuoongs,202
坦,ddaats,203
𧸝,bans,204
半,bans,204
併,tinhs,205
對,ddoois,206
類,loaij,207
或,hoawcj,208
𩈘,mawtj,209
䀡,xemz,210
情,tinhf,211
外,ngoaif,212
边,beenz,213
牢,saoz,214
𣋀,saoz,214
𤀘,vungf,215
丕,vaayj,216
張,truwowngz,217
妝,trangz,217
𠳒,lowif,218
歇,heets,219
眾些,chungs taz,220
眾些,chungs taz,220
陳,traanf,221
認,nhaanj,223
兜,ddaauz,224
聲,thanhz,225
青,thanhz,225
清,thanhz,225
古,coor,226
𤳄,bowir,227
𢚸,longf,228
幅,buwcs,229
兆,trieeuj,230
𣦍,ngayz,231
𧵆,gaanf,232
𧷸,muaz,233
用,dungj,234
重,trongj,235
𫯳,choongf,235
分,phaanf,236
女,nuwx,238
𧿨,trowr,239
曠,khoangr,240
𠸥,keer,241
關,quanz,242
觀,quanz,242
無,vooz,243
員,vieenz,244
湖,hoof,245
糊,hoof,245
拠,cuws,246
廊,langf,247
春,xuaanz,248
𢣂,nghix,249
報,baos,251
本,banr,252
版,banr,252
適,thichs,253
釋,thichs,253
傷,thuwowngz,254
總,toongr,255
𣘃,caayz,256
核,hachj,256
𠊛些,nguwowif taz,257
𠊛些,nguwowif taz,257
傳,truyeenj,258
𠁀,ddowif,259
𤲂,duwowis,260
法,phaps,261
心,taamz,262
畢哿,taats car,263
畢哿,taats car,263
賖,xaz,264
﨤,gawpj,265
眜,mawts,266
北,bawcs,267
明,minhz,268
元,nguyeenz,269
源,nguoonf,269
原,nguyeenz,269
四,tuwz,270
頭先,ddaauf tieenz,271
頭先,ddaauf tieenz,271
𡥵𠊛,conz nguwowif,272
𡥵𠊛,conz nguwowif,272
油,daauf,273
𠶢,duf,273
價,gias,274
𡎥,ngooif,276
大,ddaij,277
代,ddaij,277
𣇞,giowf,278
身,thaanz,281
空體,khoongz theer,282
空體,khoongz theer,282
𦘧,vex,283
輪,luoonz,284
司,tyz,285
𡛔,gais,286
歷史,lichj suwr,287
歷史,lichj suwr,287
造,taoj,288
𣋚,hoomz,290
务,muaf,291
庄,chawngr,292
特别,ddawcj bieetj,293
特别,ddawcj bieetj,293
推,thooiz,295
牟,mauf,296
𢲧,gaayz,297
解,giair,298
句,caauz,299
婦女,phuj nuwx,300
婦女,phuj nuwx,300
德,dduwcs,301
點,ddieemr,302
國家,quoocs giaz,303
國家,quoocs giaz,303
𡨹,giuwx,304
卒,toots,305
務,vuj,306
𠁦,trungs,307
𡗶,trowif,309
𢖵,nhows,310
𠳨,hoir,311
社會,xax hooij,312
社會,xax hooij,312
𦣰,nawmf,313
想,tuwowngr,314
句𡀯,caauz chuyeenj,315
句𡀯,caauz chuyeenj,315
沔,mieenf,316
屬,thuoocj,317
注,chus,318
排,baif,319
𨖅,sangz,320
鐄,vangf,321
旬,tuaanf,322
眾,chungs,323
𣛠,mays,324
金,kimz,325
今,kimz,325
洲,chaauz,326
珠,chaauz,326
山,sownz,328
𡥙,chaus,329
菭,ddaayf,330
日,nhaatj,331
𠁂,dduwas,332
𨱽,daif,333
樂,nhacj,334
出版,xuaats banr,335
出版,xuaats banr,335
班,banz,336
都,ddooz,337
𣎀,ddeemz,338
娘,nangf,340
詩,thiz,341
試,thiz,341
警察,canhr sats,342
曉,hieeur,343
研究,nghieenz cuwus,344
研究,nghieenz cuwus,344
西,taayz,346
如勢,nhuwz thees,348
如勢,nhuwz thees,348
噠,ddawtj,349
評,binhf,351
瓶,binhf,351
𨷶,cuwar,352
義,nghiax,353
𠬃,bor,354
𥹰,laauz,355
扒頭,bawts ddaauf,356
扒頭,bawts ddaauf,356
房,phongf,357
防,phongf,357
位,vij,358
味,vij,358
𠹲,chuws,359
𡗋,lawms,360
𡦂,chuwx,361
實現,thuwcj hieenj,362
實現,thuwcj hieenj,362
塊,khoir,363
𣷷,bieenr,364
秋,thuz,365
雖然,tuyz nhieenz,366
雖然,tuyz nhieenz,366
求,caauf,367
𤎜,sangs,369
𧼋,chayj,370
蹎,chaanz,371
呈,trinhf,372
程,trinhf,372
𪰂,phias,374
藝士,ngheej six,375
藝士,ngheej six,375
𤤰,vuaz,376
𡢐妬,sauz ddos,377
𡢐妬,sauz ddos,377
人,nhaanz,378
仁,nhaanz,378
保,baor,379
𠸒,baor,379
名,danhz,380
區,khuz,381
文學,vawnz hocj,384
文學,vawnz hocj,384
立,laapj,385
術,thuaatj,386
賴,trais,387
𣛤,trais,387
強,cangf,389
玉,ngocj,390
客,khachs,391
噲,goij,392
龍,roongf,393
使用,suwr dungj,394
使用,suwr dungj,394
喝,hets,395
欱,hats,395
𠄧,vaif,396
統,thoongs,397
𨷑,mowr,398
遊歷,duz lichj,399
朝,chieeuf,401
公,coongz,402
𨀈,buwowcs,403
終,chungz,404
𢮪,chonj,405
少,thieeus,406
現,hieenj,407
𨅸,dduwngs,408
扒,bawts,409
孟,manhj,410
𡮣,bes,411
包𣇞,baoz giowf,412
包𣇞,baoz giowf,412
視,thij,413
示,thij,413
市,thij,413
急,gaaps,414
級,caaps,414
和,hoaf,415
𣇜,buooir,416
𢞂,buoonf,419
蘭,lanz,420
跢,ddas,421
𥒥,ddas,421
章程,chuwowngz trinhf,422
章程,chuwowngz trinhf,422
幅幀,buwcs tranhz,423
幅幀,buwcs tranhz,423
舅,caauj,425
𡏦𥩯,xaayz duwngj,426
𡏦𥩯,xaayz duwngj,426
制,chees,427
𨔈,chowiz,427
問題,vaans ddeef,428
問題,vaans ddeef,428
物,vaatj,430
𫇰,cux,431
連,lieenz,432
聯,lieenz,432
𢘾,nhowf,433
吒,chaz,434
廚,chuaf,435
家,giaz,436
加,giaz,436
電,ddieenj,437
發展,phats trieenr,438
發展,phats trieenr,438
香,huwowngz,440
鄉,huwowngz,440
情𢞅,tinhf yeeuz,441
情𢞅,tinhf yeeuz,441
𠖤,bayz,442
𢗼,loz,443
𣊾𣇞,baayz giowf,444
𣊾𣇞,baayz giowf,444
隊,ddooij,446
參加,thamz giaz,447
參加,thamz giaz,447
𡊲,choox,448
𨤔,ver,449
定,ddinhj,450
唭,cuwowif,451
增,tawngz,452
生,sinhz,453
太,thais,455
度,ddooj,456
如丕,nhuwz vaayj,458
如丕,nhuwz vaayj,458
𡖡,nhoms,459
𫀅,coiz,462
軍,quaanz,464
價値,gias trij,466
價値,gias trij,466
𤖹,lowps,467
𠦳,nghinf,468
安,anz,469
局𠁀,cuoocj ddowif,470
局𠁀,cuoocj ddowif,470
仉,ker,471
病,beenhj,472
洋,duwowngz,473
回,hooif,474
徊,hooif,474
藝,ngheef,475
一𱻀,nhaats laf,476
一𱻀,nhaats laf,476
𥪝欺,trongz khiz,478
𥪝欺,trongz khiz,478
彈翁,ddanf oongz,479
彈翁,ddanf oongz,479
𠊟,thawngf,480
堆,ddooiz,481
𠭤,trar,483
全,toanf,484
柴,saif,485
最,toois,486
中心,trungz taamz,487
中心,trungz taamz,487
滝,soongz,488
紅,hoongf,489
印,inz,491
打,ddanhs,492
𠃣,its,493
飛,phiz,494
箕,kiaz,495
博,bacs,496
伯,bacs,496
艚,tauf,497
決定,quyeets ddinhj,498
決定,quyeets ddinhj,498
區域,khuz vuwcj,499
區域,khuz vuwcj,499
邦,bangz,500
遺産,diz sanr ,502
士,six,504
景,canhr,507
警,canhr,507
接俗,tieeps tucj,509
接俗,tieeps tucj,509
關重,quanz trongj,510
關重,quanz trongj,510
預,duwj,511
化,hoas,512
𤽸,trawngs,513
台𢷮,thayz ddooir,514
台𢷮,thayz ddooir,514
黨,ddangr,515
苦,khoor,516
𧁷,khos,516
命,mangj,517
界,giowis,518
阿,az,519
偨,thaayf,520
讀者,ddoocj giar,522
讀者,ddoocj giar,522
仕𫥨,xayr raz,525
仕𫥨,xayr raz,525
糝,taams,526
𤗲,taams,526
䏾,bungj,528
𩃳,bongs,528
𣈖,bongs,528
𤊡,bongs,528
大學,ddaij hocj,529
大學,ddaij hocj,529
払,changf,530
𧆄,thuoocs,531
襖,aos,532
奥,aos,532
𠸗,xuwaz,535
經濟,kinhz tees,536
經濟,kinhz tees,536
役爫,vieecj lamf,541
役爫,vieecj lamf,541
劍,kieems,542
庭,ddinhf,544
停,dduwngf,544
光,quangz,545
蘿,las,547
𠹾,chiuj,548
聰,thoongz,549
通,thoongz,549
才,taif,550
財,taif,550
材,taif,550
子,tuwr,551
寔,thieetj,553
𠓀欺,truwowcs khiz,554
𠓀欺,truwowcs khiz,554
保衛,baor veej,556
保衛,baor veej,556
䏧,daz,557
河,haf,560
𣈜𣎃,ngayf thangs,561
𣈜𣎃,ngayf thangs,561
權,quyeenf,563
節,teets,564
𡥵𡛔,conz gais,565
𡥵𡛔,conz gais,565
𤾓,trawmz,567
𦓅,giaf,568
國際,quoocs tees,569
國際,quoocs tees,569
犯,phamj,570
勢芇,thees naof,571
勢芇,thees naof,571
𪝳,hawns,572
接,tieeps,574
𢺺𢩿,chiaz ser,575
𢺺𢩿,chiaz ser,575
坦渃,ddaats nuwowcs,577
坦渃,ddaats nuwowcs,577
陣,traanj,578
𠭤𠳒,trar lowif,582
𠭤𠳒,trar lowif,582
幸福,hanhj phucs,588
幸福,hanhj phucs,588
衝,xongz,591
譯,dichj,592
現𫢩,hieenj nayz,593
現𫢩,hieenj nayz,593
科學,khoaz hocj,594
科學,khoaz hocj,594
噲𱻀,goij laf,595
噲𱻀,goij laf,595
院,vieenj,596
機關,cowz quanz,601
機關,cowz quanz,601
政府,chinhs phur,602
政府,chinhs phur,602
撑,xanhz,604
𥐉,ngawns,605
通信,thoongz tinz,606
通信,thoongz tinz,606
𦊚,boons,607
貪,thamz,608
參,thamz,608
王,vuwowngz,611
神,thaanf,612
易,deex,613
囉,laz,614
探,thawmz,615
出現,xuaats hieenj,616
出現,xuaats hieenj,616
庯,phoos,617
黰,ddenz,621
成功,thanhf coongz,622
成功,thanhf coongz,622
式,thuwcs,623
道,ddaoj,625
圖,ddoof,629
途,ddoof,629
機,cowz,632
基,cowz,632
海,hair,633
布,boos,636
佈,boos,636
𢂞,boos,636
𢜝,sowj,637
天,thieenz,638
主,chur,641
𨑻,ddemz,642
埋,maiz,643
戰爭,chieens tranhz,646
戰爭,chieens tranhz,646
𢟘,chawcs,647
志,chis,649
㕵,uoongs,651
指,chir,652
雖,tuyz,653
自由,tuwj doz,654
自由,tuwj doz,654
首,thur,656
手,thur,656
默,mawcj,657
𧹼,ddor,659
泣,khawps,660
唏,howiz,661
帝,ddaays,662
𠁀𤯩,ddowif soongs,668
𠁀𤯩,ddowif soongs,668
社,xax,670
支,chiz,671
𧿨吏,trowr laij,674
𧿨吏,trowr laij,674
𡶀,nuis,675
𦒹,saus,678
方,phuwowngz,680
紙,giaays,681
𧁷巾,khos khawnz,682
𧁷巾,khos khawnz,682
機會,cowz hooij,686
機會,cowz hooij,686
𬙞,bayr,689
𩵜,cas,690
亞,as,691
感𧡊,camr thaays,696
感𧡊,camr thaays,696
台,thayz,699
𨢇,ruwowuj,700
精神,tinhz thaanf,702
精神,tinhz thaanf,702
博士,bacs six,703
博士,bacs six,703
人員,nhaanz vieenz,704
人員,nhaanz vieenz,704
息,tuwcs,705
𡚢,toz,706
𠅳,queenz,708
引,daanx,713
律,luaatj,714
人民,nhaanz daanz,716
人民,nhaanz daanz,716
系統,heej thoongs,717
系統,heej thoongs,717
包饒,baoz nhieeuz,718
包饒,baoz nhieeuz,718
上,thuwowngj,719
䬔,gios,721
𠬠吝,mootj laanf,726
𠬠吝,mootj laanf,726
徐,chowf,728
預案,duwj ans,730
預案,duwj ans,730
見,kieens,732
動,ddoongj,733
𠋥,mayf,735
盤,banf,736
搬,banf,736
島,ddaor,743
𧿨𧗱,trowr veef,745
𧿨𧗱,trowr veef,745
𩅹,muwaz,746
業,nghieepj,750
𠋺,taoz,751
聯關,lieenz quanz,753
聯關,lieenz quanz,753
影響,anhr huwowngr,754
影響,anhr huwowngr,754
情感,tinhf camr,758
情感,tinhf camr,758
𨑮,muwowif,759
𥩯,duwngj,762
𡥵𤳇,conz traiz,763
𡥵𤳇,conz traiz,763
𠰺,dayj,767
經,kinhz,768
將,tuwowngs,771
綠,lucj,774
𥄬,ngur,775
濟,tees,776
際,tees,776
戰,chieens,777
焒,luwar,779
排書,baif thowz,781
排書,baif thowz,781
公佈,coongz boos,783
公佈,coongz boos,783
𤳇,traiz,784
地方,ddiaj phuwowngz,785
地方,ddiaj phuwowngz,785
結果,keets quar,786
結果,keets quar,786
感,camr,789
佛,phaatj,792
哭,khocs,793
府,phur,794
不,baats,795
品,phaamr,798
究,cuwus,799
林,laamz,802
功,coongz,804
政治,chinhs trij,808
政治,chinhs trij,808
𡏦,xaayz,810
拖,ddowx,812
包,baoz,819
體,theer,821
要求,yeeuz caauf,822
要求,yeeuz caauf,822
生員,sinhz vieenz,831
生員,sinhz vieenz,831
爫朱,lamf choz,836
爫朱,lamf choz,836
治,trij,837
値,trij,837
結,keets,838
産出,sanr xuaats,840
産出,sanr xuaats,840
𧖱,maus,843
𣋚𫢩,hoomz nayz,844
𣋚𫢩,hoomz nayz,844
發現,phats hieenj,849
發現,phats hieenj,849
十,thaapj,854
歐,aauz,858
學生,hocj sinhz,859
學生,hocj sinhz,859
仙,tieenz,860
先,tieenz,860
群吏,conf laij,861
群吏,conf laij,861
吒媄,chaz mej,862
吒媄,chaz mej,862
下,haj,863
在牢,taij saoz,864
在牢,taij saoz,864
㹥,chos,866
犬,khuyeenr,866
場合,truwowngf howpj,867
場合,truwowngf howpj,867
産品,sanr phaamr,872
産品,sanr phaamr,872
默𠶢,mawcj duf,874
默𠶢,mawcj duf,874
沙,saz,878
彈婆,ddanf baf,879
彈婆,ddanf baf,879
電話,ddieenj thoaij,881
關係,quanz heej,883
關係,quanz heej,883
店,tieemj,884
𢜠,muwngf,888
發,phats,889
萻,aams,892
渃外,nuwowcs ngoaif,893
渃外,nuwowcs ngoaif,893
此,thuwr,896
打價,ddanhs gias,897
打價,ddanhs gias,897
市場,thij truwowngf,898
市場,thij truwowngf,898
𪀄,chimz,899
現代,hieenj ddaij,901
現代,hieenj ddaij,901
茹渃,nhaf nuwowcs,904
茹渃,nhaf nuwowcs,904
彈,ddanf,905
老,laox,907
加增,giaz tawngz,908
加增,giaz tawngz,908
教育,giaos ducj,915
割,cawts,916
船,thuyeenf,917
平常,binhf thuwowngf,919
平常,binhf thuwowngf,919
𢺺,chiaz,924
病院,beenhj vieenj,929
病院,beenhj vieenj,929
組,toor,931
祖,toor,931
𠓀低,truwowcs ddaayz,935
𠓀低,truwowcs ddaayz,935
粓,cowmz,937
𡢐呢,sauz nayf,938
𡢐呢,sauz nayf,938
域,vuwcj,940
爫之,lamf gif,941
爫之,lamf gif,941
爲勢,vif thees,942
爲勢,vif thees,942
感恩,cams ownz,943
感恩,cams ownz,943
𧿨𢧚,trowr neenz,944
𧿨𢧚,trowr neenz,944
料,lieeuj,947
𣈜𫢩,ngayf nayz,955
𣈜𫢩,ngayf nayz,955
主題,chur ddeef,956
主題,chur ddeef,956
自然,tuwj nhieenz,962
自然,tuwj nhieenz,962
合,howpj,963
織,chuwcs,967
芇妬,naof ddos,969
芇妬,naof ddos,969
鉑,bacj,972
者,giar,974
正式,chinhs thuwcs,976
正式,chinhs thuwcs,976
水,thuyr,977
枝節,chiz tieets,978
句𠳨,caauz hoir,980
句𠳨,caauz hoir,980
俗,tucj,981
媽,mas,982
獨到,ddoocj ddaos,985
楛,goox,986
交,giaoz,989
條件,ddieeuf kieenj,991
條件,ddieeuf kieenj,991
首將,thur tuwowngs,992
首將,thur tuwowngs,992
畑,ddenf,993
𢷮,ddooir,996
偀㛪,anhz emz,1003
偀㛪,anhz emz,1003
舉,cuwr,1005
筆,buts,1006
共産,coongj sanr,1008
共産,coongj sanr,1008
工作,coongz tacs,1011
工作,coongz tacs,1011
𥆾𧡊,nhinf thaays,1013
𥆾𧡊,nhinf thaays,1013
調查,ddieeuf traz,1015
調查,ddieeuf traz,1015
案,ans,1016
領,lanhx,1018
財政,taif chinhs,1022
財政,taif chinhs,1022
位置,vij tris,1027
位置,vij tris,1027
媒場,mooiz truwowngf,1031
媒場,mooiz truwowngf,1031
作,tacs,1039
首都,thur ddooz,1040
首都,thur ddooz,1040
馬,max,1045
唯一,duyz nhaats,1048
唯一,duyz nhaats,1048
看者,khans giar,1051
色,sawcs,1054
教師,giaos suwz,1055
教師,giaos suwz,1055
迷,meez,1056
獨身,ddoocj thaanz,1059
獨身,ddoocj thaanz,1059
認𫥨,nhaanj raz,1068
認𫥨,nhaanj raz,1068
軍隊,quaanz ddooij,1070
軍隊,quaanz ddooij,1070
氣,khis,1076
過程,quas trinhf,1077
過程,quas trinhf,1077
底吏,ddeer laij,1081
底吏,ddeer laij,1081
呐𡀯,nois chuyeenj,1082
呐𡀯,nois chuyeenj,1082
師,suwz,1091
𠰘,mieengj,1094
言語,ngoonz nguwx,1095
言語,ngoonz nguwx,1095
𠮩空,neeus khoongz,1098
𠮩空,neeus khoongz,1098
𠫾爫,ddiz lamf,1100
𠫾爫,ddiz lamf,1100
𤙭,bof,1106
輔,phuj,1108
婦,phuj,1108
暫,tamj,1110
史,suwr,1111
使,suws,1111
啊,af,1116
鬥,ddaaus,1125
斗,ddaaus,1125
現在,hieenj taij,1128
現在,hieenj taij,1128
惜,tieecs,1129
唯,daj,1131
分𤾓,phaanf trawmz,1132
分𤾓,phaanf trawmz,1132
反,phanr,1138
解釋,giair thichs,1150
解釋,giair thichs,1150
題材,ddeef taif,1153
題材,ddeef taif,1153
尋曉,timf hieeur,1162
尋曉,timf hieeur,1162
果,quar,1163
役務,dichj vuj,1166
役務,dichj vuj,1166
盤𢬣,banf tayz,1170
盤𢬣,banf tayz,1170
椒,tieeuz,1172
革命,cachs mangj,1175
革命,cachs mangj,1175
教,giaos,1180
機體,cowz theer,1181
機體,cowz theer,1181
精,tinhz,1182
星,tinhz,1182
傳形,truyeenf hinhf,1184
傳形,truyeenf hinhf,1184
福,phuwowcs,1185
科,khoaz,1187
量,luwowngj,1192
材料,taif lieeuj,1194
材料,taif lieeuj,1194
茶,traf,1199
縁,duyeenz,1201
置,tris,1203
纇,looix,1206
戈𠁀,quaz ddowif,1209
戈𠁀,quaz ddowif,1209
助,trowj,1211
渃眜,nuwowcs mawts,1212
渃眜,nuwowcs mawts,1212
𠔭,tams,1213
小,tieeur,1219
後,haauj,1222
空氣,khoongz khis,1223
空氣,khoongz khis,1223
形式,hinhf thuwcs,1227
形式,hinhf thuwcs,1227
公認,coongz nhaanj,1230
公認,coongz nhaanj,1230
数量,soos luwowngj,1233
数量,soos luwowngj,1233
入,nhaapj,1244
能,nawngz,1248
边外,beenz ngoaif,1250
边外,beenz ngoaif,1250
解決,giair quyeets,1251
解決,giair quyeets,1251
葻,boongz,1254
目,mucj,1255
𠃩,chins,1257
藥,duwowcj,1259
𤯆,ngonz,1261
攎𢮪,luwaj chonj,1262
攎𢮪,luwaj chonj,1262
壓力,aps luwcj,1267
壓力,aps luwcj,1267
翁婆,oongz baf,1269
翁婆,oongz baf,1269
音樂,aamz nhacj,1277
音樂,aamz nhacj,1277
力量,luwcj luwowngj,1279
力量,luwcj luwowngj,1279
𩄲,maayz,1282
民主,daanz chur,1284
民主,daanz chur,1284
呌,keeuz,1287
𫥨𠫾,raz ddiz,1288
𫥨𠫾,raz ddiz,1288
共和,coongj hoaf,1289
共和,coongj hoaf,1289
固𨤔,cos ver,1290
固𨤔,cos ver,1290
𦝄,trawngz,1292
進士,tieens six,1307
經營,kinhz doanhz,1310
經營,kinhz doanhz,1310
嘲,chaof,1311
菭都,ddaayf ddur,1314
菭都,ddaayf ddur,1314
獨,ddoocj,1319
包𠁟,baoz goomf,1328
牟色,mauf sawcs,1332
牟色,mauf sawcs,1332
通報,thoongz baos,1339
通報,thoongz baos,1339
公安,coongz anz,1347
公安,coongz anz,1347
危,nguyz,1348
丕𦓡,vaayj maf,1353
丕𦓡,vaayj maf,1353
互助,hoox trowj,1354
互助,hoox trowj,1354
茹行,nhaf hangf,1359
茹行,nhaf hangf,1359
𣈜𠸗,ngayf xuwaz,1362
𣈜𠸗,ngayf xuwaz,1362
𠬠𠄧,mootj vaif,1369
𠬠𠄧,mootj vaif,1369
鬥價,ddaaus gias,1375
鬥價,ddaaus gias,1375
銀行,ngaanz hangf,1376
銀行,ngaanz hangf,1376
國會,quoocs hooij,1385
國會,quoocs hooij,1385
小邦,tieeur bangz,1386
小邦,tieeur bangz,1386
章,chuwowngz,1389
妸,gax,1390
音,aamz,1393
陰,aamz,1393
堆欺,ddooiz khiz,1395
堆欺,ddooiz khiz,1395
題,ddeef,1399
提,ddeef,1399
時代,thowif ddaij,1405
時代,thowif ddaij,1405
籺,hootj,1415
茹祠,nhaf thowf,1420
制度,chees ddooj,1423
制度,chees ddooj,1423
聯邦,lieenz bangz,1424
聯邦,lieenz bangz,1424
萬,vanj,1426
如𱻀,nhuwz laf,1427
如𱻀,nhuwz laf,1427
製,chees,1432
錢鉑,tieenf bacj,1434
錢鉑,tieenf bacj,1434
典,ddieenr,1437
絏,daayz,1438
瓊,quynhf,1447
力,luwcj,1448
班頭,banz ddaauf,1449
班頭,banz ddaauf,1449
内,nooij,1451
待,ddowij,1453
呌噲,keeuz goij,1457
呌噲,keeuz goij,1457
多,ddaz,1459
陰曆,aamz lichj,1460
陰曆,aamz lichj,1460
㵋低,mowis ddaayz,1462
㵋低,mowis ddaayz,1462
底朱,ddeer choz,1466
底朱,ddeer choz,1466
獨立,ddoocj laapj,1470
獨立,ddoocj laapj,1470
猫,meof,1481
婆𡥵,baf conz,1491
婆𡥵,baf conz,1491
感恩,camr ownz,1503
感恩,camr ownz,1503
碁,cowf,1505
呐𱻀,nois laf,1508
呐𱻀,nois laf,1508
才能,taif nawngz,1512
才能,taif nawngz,1512
危險,nguyz hieemr,1516
危險,nguyz hieemr,1516
觀點,quanz ddieemr,1520
觀點,quanz ddieemr,1520
口,khaaur,1525
如空,nhuwz khoongz,1528
如空,nhuwz khoongz,1528
部長,booj truwowngr,1530
部長,booj truwowngr,1530
地點,ddiaj ddieemr,1534
地點,ddiaj ddieemr,1534
律師,luaatj suwz,1542
律師,luaatj suwz,1542
思想,tuwz tuwowngr,1549
襖𨱽,aos daif,1554
襖𨱽,aos daif,1554
結合,keets howpj,1555
結合,keets howpj,1555
軍事,quaanz suwj,1556
軍事,quaanz suwj,1556
𫥨𠓨,raz vaof,1562
𫥨𠓨,raz vaof,1562
固欺,cos khiz,1563
固欺,cos khiz,1563
長成,truwowngr thanhf,1570
長成,truwowngr thanhf,1570
恩,ownz,1573
限,hanj,1575
於吏,owr laij,1576
於吏,owr laij,1576
𠫾戈,ddiz quaz,1580
𠫾戈,ddiz quaz,1580
媒,mooiz,1582
卒業,toots nghieepj,1586
卒業,toots nghieepj,1586
吀纇,xinz looix,1596
吀纇,xinz looix,1596
聰明,thoongz minhz,1597
聰明,thoongz minhz,1597
分𡘯,phaanf lowns,1607
分𡘯,phaanf lowns,1607
主要,chur yeeus,1609
主要,chur yeeus,1609
證,chuwngs,1611
反對,phanr ddoois,1614
反對,phanr ddoois,1614
響,huwowngr,1622
𠃣一,its nhaats,1628
𠃣一,its nhaats,1628
宗教,toonz giaos,1629
工人,coongz nhaanz,1640
工人,coongz nhaanz,1640
佛教,phaatj giaos,1641
佛教,phaatj giaos,1641
戰鬥,chieens ddaaus,1646
戰鬥,chieens ddaaus,1646
𣟮,meemf,1651
别包,bieets baoz,1652
别包,bieets baoz,1652
地,ddiaj,1655
間,gianz,1656
各位,cacs vij,1657
各位,cacs vij,1657
分别,phaanz bieetj,1661
分别,phaanz bieetj,1661
情形,tinhf hinhf,1662
情形,tinhf hinhf,1662
回教,hooif giaos,1667
回教,hooif giaos,1667
曉别,hieeur bieets,1672
曉别,hieeur bieets,1672
土,thoor,1674
朱𢧚,choz neenz,1681
朱𢧚,choz neenz,1681
塘庯,dduwowngf phoos,1685
塘庯,dduwowngf phoos,1685
台爲,thayz vif,1692
台爲,thayz vif,1692
姉㛪,chij emz,1695
姉㛪,chij emz,1695
皇帝,hoangf ddees,1699
競,canhj,1707
地址,ddiaj chir,1708
地址,ddiaj chir,1708
主人,chur nhaanz,1711
主人,chur nhaanz,1711
𠾕𠳨,ddoif hoir,1713
參觀,thamz quanz,1716
參觀,thamz quanz,1716
爲牢,vif saoz,1718
爲牢,vif saoz,1718
址,chir,1721
祖國,toor quoocs,1724
祖國,toor quoocs,1724
失,thaats,1725
曆,lichj,1732
歷,lichj,1732
他,thaf,1735
生𤯨,sinhz soongs,1739
乙𖿱,uts,1740
固條,cos ddieeuf,1742
固條,cos ddieeuf,1742
幸,hanhj,1748
杏,hanhj,1748
恪别,khacs bieetj,1750
恪别,khacs bieetj,1750
出,xuaats,1751
營業,doanhz nghieepj,1760
營業,doanhz nghieepj,1760
及,caapj,1764
𥾘,sowij,1768
特色,ddawcj sawcs,1771
特色,ddawcj sawcs,1771
物體,vaatj theer,1798
物體,vaatj theer,1798
大使,ddaij suws,1805
大使,ddaij suws,1805
文明,vawnz minhz,1812
文明,vawnz minhz,1812
算,toans,1813
払𤳇,changf traiz,1828
払𤳇,changf traiz,1828
一定,nhaats ddinhj,1829
一定,nhaats ddinhj,1829
𢂞媄,boos mej,1830
𢂞媄,boos mej,1830
𠫾步,ddiz booj,1833
𠫾步,ddiz booj,1833
𣋚𡢐,hoomz sauz,1834
𣋚𡢐,hoomz sauz,1834
夾,giaps,1835
漢,hans,1838
工藝,coongz ngheej,1842
工藝,coongz ngheej,1842
坊,phuwowngf,1843
𨷶行,cuwar hangf,1847
𨷶行,cuwar hangf,1847
人類,nhaanz loaij,1860
人類,nhaanz loaij,1860
英,anhz,1861
語,nguwx,1867
二,nhif,1869
行客,hanhf khachs,1876
行客,hanhf khachs,1876
呐終,nois chungz,1878
呐終,nois chungz,1878
茹碎,nhaf tooiz,1879
茹碎,nhaf tooiz,1879
𡀯情,chuyeenj tinhf,1882
𡀯情,chuyeenj tinhf,1882
茹於,nhaf owr,1886
茹於,nhaf owr,1886
偀姉,anhz chij,1887
偀姉,anhz chij,1887
兜固,ddaauz cos,1893
兜固,ddaauz cos,1893
歲𥘷,tuooir trer,1895
歲𥘷,tuooir trer,1895
豫,duwaj,1908
盒,hoopj,1916
保險,baor hieemr,1925
保險,baor hieemr,1925
𣇜𤎜,buooir sangs,1928
𣇜𤎜,buooir sangs,1928
嫩,nonz,1932
𡽫,nonz,1932
藝業,ngheef nghieepj,1934
藝業,ngheef nghieepj,1934
論,luaanj,1945
飛場,phiz truwowngf,1951
飛場,phiz truwowngf,1951
鬥爭,ddaaus tranhz,1955
鬥爭,ddaaus tranhz,1955
統一,thoongs nhaats,1958
統一,thoongs nhaats,1958
𨷶数,cuwar soor,1959
𨷶数,cuwar soor,1959
蓮,senz,1964
祝,chucs,1965
𠬠𣅶,mootj lucs,1967
𠬠𣅶,mootj lucs,1967
聯係,lieenz heej,1972
聯係,lieenz heej,1972
主日,chur nhaatj,1978
主日,chur nhaatj,1978
都市,ddooz thij,1979
都市,ddooz thij,1979
茹𨷶,nhaf cuwar,1981
茹𨷶,nhaf cuwar,1981
展,trieenr,1992
太平,thais binhf,1993
太平,thais binhf,1993
排學,baif hocj,2009
排學,baif hocj,2009
㗂呐,tieengs nois,2019
㗂呐,tieengs nois,2019
𡉕,honf,2036
電子,ddieenj tuwr,2037
電子,ddieenj tuwr,2037
程度,trinhf ddooj,2045
程度,trinhf ddooj,2045
輪輪,luoonz luoonz,2048
排欱,baif hats,2051
排欱,baif hats,2051
必然,taats nhieenz,2053
必然,taats nhieenz,2053
𣇞低,giowf ddaayz,2054
𣇞低,giowf ddaayz,2054
欺芇,khiz naof,2056
欺芇,khiz naof,2056
權力,quyeenf luwcj,2060
權力,quyeenf luwcj,2060
件,kieenj,2062
近,caanj,2065
巾,khawnz,2072
﨤憢,gawpj nhauz,2082
﨤憢,gawpj nhauz,2082
舍,xas,2086
時節,thowif tieets,2089
時節,thowif tieets,2089
詞,tuwf,2092
動物,ddoongj vaatj,2094
動物,ddoongj vaatj,2094
𢩮,dawts,2099
航空,hangf khoongz,2103
航空,hangf khoongz,2103
學習,hocj taapj,2104
𣈜𡢐,ngayf sauz,2111
𣈜𡢐,ngayf sauz,2111
回音,hooif aamz,2112
回音,hooif aamz,2112
天下,thieenz haj,2118
天下,thieenz haj,2118
翁𦓅,oongz giaf,2123
翁𦓅,oongz giaf,2123
咹㕵,awnz uoongs,2128
咹㕵,awnz uoongs,2128
𥘷𡥵,trer conz,2132
𥘷𡥵,trer conz,2132
預見,duwj kieens,2137
預見,duwj kieens,2137
𡎝,coix,2152
界限,giowis hanj,2154
界限,giowis hanj,2154
𠸜噲,teenz goij,2167
𠸜噲,teenz goij,2167
豫𨕭,duwaj treenz,2171
豫𨕭,duwaj treenz,2171
提及,ddeef caapj,2173
提及,ddeef caapj,2173
𢺺𢬣,chiaz tayz,2196
𢺺𢬣,chiaz tayz,2196
畢,taats,2199
必,taats,2199
咍𱻀,hayz laf,2225
咍𱻀,hayz laf,2225
𢖵吏,nhows laij,2243
𢖵吏,nhows laij,2243
𠓀𩈘,truwowcs mawtj,2245
𠓀𩈘,truwowcs mawtj,2245
𣘃数,caayz soos,2247
𣘃数,caayz soos,2247
能量,nawngz luwowngj,2270
能量,nawngz luwowngj,2270
噠𠸜,ddawtj teenz,2273
噠𠸜,ddawtj teenz,2273
場學,truwowngf hocj,2280
場學,truwowngf hocj,2280
第,ddeej,2282
𣈜禮,ngayf leex,2297
𣈜禮,ngayf leex,2297
營,doanhz,2299
音聲,aamz thanhz,2301
音聲,aamz thanhz,2301
火,hoar,2308
排報,baif baos,2315
排報,baif baos,2315
丕㖘,vaayj thif,2335
丕㖘,vaayj thif,2335
版圖,banr ddoof,2336
版圖,banr ddoof,2336
𨅸頭,dduwngs ddaauf,2338
𨅸頭,dduwngs ddaauf,2338
集合,taapj howpj,2340
海外,hair ngoaij,2353
海外,hair ngoaij,2353
𢷮㵋,ddooir mowis,2356
𢷮㵋,ddooir mowis,2356
民数,daanz soos,2361
民数,daanz soos,2361
凭證,bawngf chuwngs,2366
凭證,bawngf chuwngs,2366
基本,cowz banr,2367
基本,cowz banr,2367
𡚢𡘯,toz lowns,2375
𡚢𡘯,toz lowns,2375
喂,ooiz,2378
得,ddawcs,2386
成分,thanhf phaanf,2398
成分,thanhf phaanf,2398
旬禮,tuaanf leex,2399
旬禮,tuaanf leex,2399
𤄯,trongz,2400
𧿆,dayx,2423
𠳐,vaangz,2433
茹欱,nhaf hats,2435
茹欱,nhaf hats,2435
評論,binhf luaanj,2441
評論,binhf luaanj,2441
然,nhieenz,2445
外國,ngoaij quoocs,2469
外國,ngoaij quoocs,2469
㛪𡮣,emz bes,2476
㛪𡮣,emz bes,2476
言,ngoonz,2478
易傷,deex thuwowngz,2487
易傷,deex thuwowngz,2487
分芇,phaanf naof,2488
分芇,phaanf naof,2488
祖先,toor tieenz,2493
祖先,toor tieenz,2493
工業,coongz nghieepj,2494
工業,coongz nghieepj,2494
𤄯𤎜,trongz sangs,2506
𤄯𤎜,trongz sangs,2506
𠓨曠,vaof khoangr,2507
𠓨曠,vaof khoangr,2507
民廊,daanz langf,2508
民廊,daanz langf,2508
係,heej,2511
系,heej,2511
教員,giaos vieenz,2522
教員,giaos vieenz,2522
學者,hocj giar,2524
學者,hocj giar,2524
𪰂𠓀,phias truwowcs,2536
𪰂𠓀,phias truwowcs,2536
𠫾𨔈,ddiz chowiz,2542
𠫾𨔈,ddiz chowiz,2542
海軍,hair quaanz,2546
海軍,hair quaanz,2546
𨷑頭,mowr ddaauf,2547
𨷑頭,mowr ddaauf,2547
總共,toongr coongj,2553
總共,toongr coongj,2553
𠬃𠫾,bor ddiz,2555
𠬃𠫾,bor ddiz,2555
衛,veej,2566
伵,tows,2576
㐌𥹰,ddax laauz,2578
㐌𥹰,ddax laauz,2578
競爭,canhj tranhz,2582
競爭,canhj tranhz,2582
適合,thichs howpj,2583
適合,thichs howpj,2583
魚,nguwz,2596
生日,sinhz nhaatj,2620
生日,sinhz nhaatj,2620
朝廷,trieeuf ddinhf,2624
國防,quoocs phongf,2630
國防,quoocs phongf,2630
預定,duwj ddinhj,2634
預定,duwj ddinhj,2634
茹𤤰,nhaf vuaz,2635
茹𤤰,nhaf vuaz,2635
𣋚戈,hoomz quaz,2643
𣋚戈,hoomz quaz,2643
高級,caoz caaps,2644
高級,caoz caaps,2644
最多,toois ddaz,2659
最多,toois ddaz,2659
庄埃,chawngr aiz,2680
庄埃,chawngr aiz,2680
執,chaaps,2683
𠁂𡮣,dduwas bes,2685
𠁂𡮣,dduwas bes,2685
最少,toois thieeur,2702
最少,toois thieeur,2702
斤,caanz,2704
劸,khoer,2719
學行,hocj hanhf,2744
學行,hocj hanhf,2744
歐洲,aauz chaauz,2754
歐洲,aauz chaauz,2754
塘𠫾,dduwowngf ddiz,2759
塘𠫾,dduwowngf ddiz,2759
𠫾𫥨,ddiz raz,2767
𠫾𫥨,ddiz raz,2767
題出,ddeef xuaats,2800
題出,ddeef xuaats,2800
空牢,khoongz saoz,2806
空牢,khoongz saoz,2806
𧁷𠹾,khos chiuj,2831
𧁷𠹾,khos chiuj,2831
五,ngux,2840
問,vaans,2846
𥘷歲,trer tuooir,2858
𥘷歲,trer tuooir,2858
咹粓,awnz cowmz,2872
咹粓,awnz cowmz,2872
心神,taamz thaanf,2888
心神,taamz thaanf,2888
節目,tieets mucj,2900
節目,tieets mucj,2900
清查,thanhz traz,2902
清查,thanhz traz,2902
𡥵𡮣,conz bes,2911
𡥵𡮣,conz bes,2911
詞典,tuwf ddieenr,2916
詞典,tuwf ddieenr,2916
飛機,phiz cowz,2925
飛機,phiz cowz,2925
𠬃戈,bor quaz,2931
𠬃戈,bor quaz,2931
提防,ddeef phongf,2954
提防,ddeef phongf,2954
小學,tieeur hocj,2961
小學,tieeur hocj,2961
暫時,tamj thowif,2965
暫時,tamj thowif,2965
𢮪攎,chonj luwaj,2968
𢮪攎,chonj luwaj,2968
扒﨤,bawts gawpj,2969
扒﨤,bawts gawpj,2969
𦤾坭,ddeens nowiz,2976
𦤾坭,ddeens nowiz,2976
嘲𢜠,chaof muwngf,2982
嘲𢜠,chaof muwngf,2982
想𢖵,tuwowngr nhows,2990
想𢖵,tuwowngr nhows,2990
恨,haanj,2996
銀,ngaanz,3007
瓦,ngois,3013
自動,tuwj ddoongj,3016
自動,tuwj ddoongj,3016
區庯,khuz phoos,3018
區庯,khuz phoos,3018
哲學,trieets hocj,3024
不幸,baats hanhj,3028
不幸,baats hanhj,3028
别兜,bieets ddaauz,3031
别兜,bieets ddaauz,3031
𨅸𨖲,dduwngs leenz,3044
𨅸𨖲,dduwngs leenz,3044
執行,chaaps hanhf,3050
執行,chaaps hanhf,3050
𣇜最,buooir toois,3072
𣇜最,buooir toois,3072
步隊,booj ddooij,3073
步隊,booj ddooij,3073
朝代,trieeuf ddaij,3087
朝代,trieeuf ddaij,3087
茹囚,nhaf tuf,3115
故都,coos ddooz,3121
時𣇞,thif giowf,3125
時𣇞,thif giowf,3125
𩈘陣,mawtj traanj,3126
𩈘陣,mawtj traanj,3126
爭論,tranhz luaanj,3128
爭論,tranhz luaanj,3128
史學,suwr hocj,3154
史學,suwr hocj,3154
𡢐低,sauz ddaayz,3165
𡢐低,sauz ddaayz,3165
保助,baor trowj,3202
保助,baor trowj,3202
𥹰𠁀,laauz ddowif,3203
𥹰𠁀,laauz ddowif,3203
𡦂漢,chuwx hans,3225
𡦂漢,chuwx hans,3225
參考,thamz khaor,3249
參考,thamz khaor,3249
身體,thaanz theer,3259
身體,thaanz theer,3259
查,traz,3268
物料,vaatj lieeuj,3274
物料,vaatj lieeuj,3274
𡑝𠖤,saanz bayz,3285
喃,noomz,3290
能力,nawngz luwcj,3303
能力,nawngz luwcj,3303
加入,giaz nhaapj,3333
加入,giaz nhaapj,3333
跪,quyf,3338
𣦍欺,ngayz khiz,3347
𣦍欺,ngayz khiz,3347
生物,sinhz vaatj,3364
生物,sinhz vaatj,3364
超市,sieeuz thij,3366
終結,chungz keets,3370
終結,chungz keets,3370
特點,ddawcj ddieemr,3375
特點,ddawcj ddieemr,3375
指数,chir soos,3376
指数,chir soos,3376
炊,sooiz,3378
産,sanr,3394
併算,tinhs toans,3405
併算,tinhs toans,3405
妝點,trangz ddieemr,3407
妝點,trangz ddieemr,3407
魚民,nguwz daanz,3417
魚民,nguwz daanz,3417
製作,chees tacs,3424
製作,chees tacs,3424
𧼋遶,chayj theoz,3427
𧼋遶,chayj theoz,3427
製造,chees taoj,3429
製造,chees taoj,3429
𡢐共,sauz cungf,3431
𡢐共,sauz cungf,3431
孔,khoongr,3439
決,quyeets,3446
行星,hanhf tinhz,3452
行星,hanhf tinhz,3452
平安,binhf anz,3461
平安,binhf anz,3461
圖𨔈,ddoof chowiz,3469
圖𨔈,ddoof chowiz,3469
常年,thuwowngf nieenz,3472
常年,thuwowngf nieenz,3472
𠃣𡗉,its nhieeuf,3483
𠃣𡗉,its nhieeuf,3483
殖民,thuwcj daanz,3487
氣候,khis haauj,3495
改革,cair cachs,3505
改革,cair cachs,3505
古典,coor ddieenr,3513
古典,coor ddieenr,3513
太子,thais tuwr,3516
太子,thais tuwr,3516
𢧚𠊛,neenz nguwowif,3523
𢧚𠊛,neenz nguwowif,3523
𠊛𠸗,nguwowif xuwaz,3529
𠊛𠸗,nguwowif xuwaz,3529
天堂,thieenz dduwowngf,3534
天堂,thieenz dduwowngf,3534
壓,aps,3543
界性,giowis tinhs,3545
考究,khaor cuwus,3546
考究,khaor cuwus,3546
房客,phongf khachs,3577
房客,phongf khachs,3577
動詞,ddoongj tuwf,3594
動詞,ddoongj tuwf,3594
行廊,hanhf langz,3617
行廊,hanhf langz,3617
祝𢜠,chucs muwngf,3621
祝𢜠,chucs muwngf,3621
姅𣎀,nuwar ddeemz,3632
姅𣎀,nuwar ddeemz,3632
香味,huwowngz vij,3634
香味,huwowngz vij,3634
在𡊲,taij choox,3643
在𡊲,taij choox,3643
最高,toois caoz,3652
最高,toois caoz,3652
𢆥𠸗,nawmz xuwaz,3657
𢆥𠸗,nawmz xuwaz,3657
學院,hocj vieenj,3674
學院,hocj vieenj,3674
𠹾𧁷,chiuj khos,3678
𠹾𧁷,chiuj khos,3678
𠬠𠃣,mootj its,3681
𠬠𠃣,mootj its,3681
陰謀,aamz muwuz,3690
動坦,ddoongj ddaats,3695
動坦,ddoongj ddaats,3695
錢𩈘,tieenf mawtj,3701
錢𩈘,tieenf mawtj,3701
𤯩吏,soongs laij,3703
𤯩吏,soongs laij,3703
化學,hoas hocj,3712
化學,hoas hocj,3712
民事,daanz suwj,3754
民事,daanz suwj,3754
常𣈜,thuwowngf ngayf,3775
常𣈜,thuwowngf ngayf,3775
認𠳒,nhaanj lowif,3778
認𠳒,nhaanj lowif,3778
𠰺學,dayj hocj,3794
𠰺學,dayj hocj,3794
色𢢲,sawcs ddepj,3795
色𢢲,sawcs ddepj,3795
固歲,cos tuooir,3797
固歲,cos tuooir,3797
不常,baats thuwowngf,3807
不常,baats thuwowngf,3807
𠶢牢,duf saoz,3846
𠶢牢,duf saoz,3846
本地,banr ddiaj,3877
本地,banr ddiaj,3877
班𣈜,banz ngayf,3892
班𣈜,banz ngayf,3892
房𥄬,phongf ngur,3898
房𥄬,phongf ngur,3898
下院,haj vieenj,3900
下院,haj vieenj,3900
咍牢,hayz saoz,3915
咍牢,hayz saoz,3915
𢣂𫥨,nghix raz,3918
𢣂𫥨,nghix raz,3918
總結,toongr keets,3935
總結,toongr keets,3935
𠳨探,hoir thawmz,3960
𠳨探,hoir thawmz,3960
仍𦓡,nhuwngz maf,3965
仍𦓡,nhuwngz maf,3965
注釋,chus thichs,3966
注釋,chus thichs,3966
特産,ddawcj sanr,3969
特産,ddawcj sanr,3969
偨教,thaayf giaos,3975
偨教,thaayf giaos,3975
𦖑𠳒,nghez lowif,3999
𦖑𠳒,nghez lowif,3999
𠬠堆,mootj ddooiz,4002
𠬠堆,mootj ddooiz,4002
高原,caoz nguyeenz,4025
高原,caoz nguyeenz,4025
屬地,thuoocj ddiaj,4029
屬地,thuoocj ddiaj,4029
地獄,ddiaj ngucj,4030
連想,lieenz tuwowngr,4038
連想,lieenz tuwowngr,4038
次長,thuws truwowngr,4039
次長,thuws truwowngr,4039
儒,nhoz,4045
城市,thanhf thij,4071
城市,thanhf thij,4071
𠸥𨕭,keer treenz,4090
𠸥𨕭,keer treenz,4090
𨀈頭,buwowcs ddaauf,4107
𨀈頭,buwowcs ddaauf,4107
打式,ddanhs thuwcs,4118
打式,ddanhs thuwcs,4118
方式,phuwowngz thuwcs,4149
方式,phuwowngz thuwcs,4149
清算,thanhz toans,4161
清算,thanhz toans,4161
改,cair,4212
起義,khowir nghiax,4227
考,khaor,4239
提高,ddeef caoz,4243
提高,ddeef caoz,4243
𡥵𠬠,conz mootj,4265
𡥵𠬠,conz mootj,4265
多分,ddaz phaanf,4267
多分,ddaz phaanf,4267
𢢲𤳇,ddepj traiz,4268
𢢲𤳇,ddepj traiz,4268
𡮈歲,nhor tuooir,4299
𡮈歲,nhor tuooir,4299
𠃣欺,its khiz,4314
𠃣欺,its khiz,4314
滝渃,soongz nuwowcs,4316
滝渃,soongz nuwowcs,4316
盤蹎,banf chaanz,4317
盤蹎,banf chaanz,4317
國語,quoocs nguwx,4324
國語,quoocs nguwx,4324
渃花,nuwowcs hoaz,4332
渃花,nuwowcs hoaz,4332
噠航,ddawtj hangf,4337
噠航,ddawtj hangf,4337
﨤𩈘,gawpj mawtj,4347
﨤𩈘,gawpj mawtj,4347
生學,sinhz hocj,4361
生學,sinhz hocj,4361
或𱻀,hoawcj laf,4364
或𱻀,hoawcj laf,4364
数𠃣,soos its,4376
数𠃣,soos its,4376
圖物,ddoof vaatj,4388
圖物,ddoof vaatj,4388
史册,suwr sachs,4407
史册,suwr sachs,4407
茹伤,nhaf thuwowngz,4411
人造,nhaanz taoj,4414
人造,nhaanz taoj,4414
𢣂吏,nghix laij,4421
𢣂吏,nghix laij,4421
渃㕵,nuwowcs uoongs,4422
渃㕵,nuwowcs uoongs,4422
乃,naays,4435
打憢,ddanhs nhauz,4450
打憢,ddanhs nhauz,4450
教皇,giaos hoangf,4454
船長,thuyeenf truwowngr,4466
船長,thuyeenf truwowngr,4466
小史,tieeur suwr,4477
小史,tieeur suwr,4477
定義,ddinhj nghiax,4494
定義,ddinhj nghiax,4494
埃乃,aiz naays,4500
埃乃,aiz naays,4500
𠬃𧼋,bor chayj,4505
𠬃𧼋,bor chayj,4505
数料,soos lieeuj,4517
数料,soos lieeuj,4517
恪常,khacs thuwowngf,4530
恪常,khacs thuwowngf,4530
𥆾終,nhinf chungz,4533
𥆾終,nhinf chungz,4533
回生,hooif sinhz,4538
回生,hooif sinhz,4538
内地,nooij ddiaj,4560
内地,nooij ddiaj,4560
義務,nghiax vuj,4605
義務,nghiax vuj,4605
感想,camr tuwowngr,4611
感想,camr tuwowngr,4611
庄勤,chawngr caanf,4612
庄勤,chawngr caanf,4612
固𫯳,cos choongf,4615
固𫯳,cos choongf,4615
𢩿,ser,4616
没,mootj,4619
𠃣𫥨,its raz,4621
𠃣𫥨,its raz,4621
公式,coongz thuwcs,4624
公式,coongz thuwcs,4624
𩈘𦝄,mawtj trawngz,4644
𩈘𦝄,mawtj trawngz,4644
空𠸥,khoongz keer,4660
空𠸥,khoongz keer,4660
性詞,tinhs tuwf,4661
保領,baor lanhx,4667
保領,baor lanhx,4667
預報,duwj baos,4671
預報,duwj baos,4671
名詞,danhz tuwf,4685
名詞,danhz tuwf,4685
停止,ddinhf chir,4696
停止,ddinhf chir,4696
卒䏾,toots bungj,4697
卒䏾,toots bungj,4697
默感,mawcj camr,4702
默感,mawcj camr,4702
易𠹾,deex chiuj,4710
易𠹾,deex chiuj,4710
女神,nuwx thaanf,4714
女神,nuwx thaanf,4714
𡦂曰,chuwx vieets,4721
𡦂曰,chuwx vieets,4721
能動,nawngz ddoongj,4724
能動,nawngz ddoongj,4724
舉行,cuwr hanhf,4737
舉行,cuwr hanhf,4737
加味,giaz vij,4762
加味,giaz vij,4762
陸地,lucj ddiaj,4773
春秋,xuaanz thuz,4778
春秋,xuaanz thuz,4778
同義,ddoongf nghiax,4784
同義,ddoongf nghiax,4784
指引,chir daanx,4787
指引,chir daanx,4787
攎,luwaj,4822
都條,ddur ddieeuf,4844
都條,ddur ddieeuf,4844
𠬃𠅳,bor queenz,4847
𠬃𠅳,bor queenz,4847
悔恨,hoois haanj,4852
悔恨,hoois haanj,4852
暫别,tamj bieetj,4911
暫别,tamj bieetj,4911
内務,nooij vuj,4912
内務,nooij vuj,4912
犯人,phamj nhaanz,4931
犯人,phamj nhaanz,4931
舉人,cuwr nhaanz,4933
舉人,cuwr nhaanz,4933
無義,vooz nghiax,4937
無義,vooz nghiax,4937
人生,saz macj,4940
人生,saz macj,4940
𠄩𩈘,haiz mawtj,4972
𠄩𩈘,haiz mawtj,4972
指定,chir ddinhj,4995
指定,chir ddinhj,4995
𠸗箕,xuwaz kiaz,4996
𠸗箕,xuwaz kiaz,4996
𧵑終,cuar chungz,9999999
𧵑公,cuar coongz,9999999
慄𱻀,raats laf,9999999
歐𱻀,aauz laf,9999999
𠬠唏,mootj howiz,9999999
𠬠𤾓,mootj trawmz,9999999
𠬠𠦳,mootj nghinf,9999999
𠬠丐,mootj cais,9999999
𠬠兆,mootj trieeuj,9999999
𠬠萬,mootj vanj,9999999
𠬠徊,mootj hooif,9999999
固權,cos quyeenf,9999999
固理,cos lys,9999999
𠃣固,its cos,9999999
𠊛越,nguwowif vieetj,9999999
命𠊛,mangj nguwowif,9999999
𤞦𠊛,moij nguwowif,9999999
特區,ddawcj khuz,9999999
特權,ddawcj quyeenf,9999999
特使,ddawcj suws,9999999
特務,ddawcj vuj,9999999
空想,khoongz tuwowngr,9999999
曠空,khoangr khoongz,9999999
空之,khoongz gif,9999999
壓力空氣,aps luwcj khoongz khis,9999999
防空,phongf khoongz,9999999
空包𣇞,khoongz baoz giowf,9999999
𠬃空,bor khoongz,9999999
𡎥空,ngooif khoongz,9999999
㐌曾,ddax tuwngf,9999999
𠇍欺,maays khiz,9999999
𠇍埃,maays aiz,9999999
唄埃,vowis aiz,9999999
唄吏,vowis laij,9999999
朱雀,chuz tuwowcs,9999999
各伴,cacs banj,9999999
碎伵,tooiz tows,9999999
於終,owr chungz,9999999
於妬,owr ddos,9999999
於兜,owr ddaauz,9999999
翁老,oongz laox,9999999
翁偈,oongz kej,9999999
魚翁,nguwz oongz,9999999
𧗱茹,veef nhaf,9999999
𠫾𧗱,ddiz veef,9999999
調拱,ddeeuf cungx,9999999
節元旦,teets nguyeenz ddans,9999999
丐呢,cais nayf,9999999
𣅶呢,lucs nayf,9999999
𠫾𠓨,ddiz vaof,9999999
𡗉欺,nhieeuf khiz,9999999
𡗉𠳒,nhieeuf lowif,9999999
分𡗉,phaanf nhieeuf,9999999
偀姉㛪,anhz chij emz,9999999
偀戶,anhz hoj,9999999
偀払,anhz changf,9999999
丐妬,cais ddos,9999999
於妬,owr ddos,9999999
徊妬,hooif ddos,9999999
自妬,tuwf ddos,9999999
如勢芇,nhuwz thees naof,9999999
如𫇰,nhuwz cux,9999999
自𨉟,tuwj minhf,9999999
自治,tuwj trij,9999999
自妬,tuwf ddos,9999999
自𥹰,tuwf laauz,9999999
欺迺,khiz nayx,9999999
𡗉欺,nhieeuf khiz,9999999
𡢐欺,sauz khiz,9999999
常欺,thuwowngf khiz,9999999
𠇍欺,maays khiz,9999999
𫥨𨤔,raz ver,9999999
造𫥨,taoj raz,9999999
盤𫥨,banf raz,9999999
𠸥𫥨,keer raz,9999999
𫥨陣,raz traanj,9999999
𢖵𫥨,nhows raz,9999999
耒𫥨,rooif raz,9999999
𦓡推,maf thooiz,9999999
边沛,beenz phair,9999999
捲吏,cuoons laij,9999999
唄吏,vowis laij,9999999
𠫾ㇴ吏ㇴ,ddiz ddiz laij laij,9999999
回吏,hooif laij,9999999
時期,thowif kyf,9999999
時機,thowif cowz,9999999
急時,caaps thowif,9999999
𢆥箕,nawmz kiaz,9999999
祝𢜠𢆥㵋,chucs muwngf nawmz mowis,9999999
𨖅𢆥,sangz nawmz,9999999
爫衝,lamf xongz,9999999
排爫,baif lamf,9999999
𠫾爫役,ddiz lamf vieecj,9999999
格爫,cachs lamf,9999999
爫牢,lamf saoz,9999999
爫客,lamf khachs,9999999
爫紙,lamf giaays,9999999
爫役,lamf vieecj,9999999
𣇞爫役,giowf lamf vieecj,9999999
爫务,lamf muaf,9999999
茹重,nhaf choongf,9999999
茹𫯳,nhaf choongf,9999999
茹廚,nhaf chuaf,9999999
𧗱茹,veef nhaf,9999999
茹𥘷,nhaf trer,9999999
𢖵茹,nhows nhaf,9999999
茹客,nhaf khachs,9999999
茹鏰,nhaf bawngz,9999999
茹儒,nhaf nhoz,9999999
茹博學,nhaf bacs hocj,9999999
息𨉟,tuwcs minhf,9999999
自𨉟,tuwj minhf,9999999
𠅳𨉟,queenz minhf,9999999
下𨉟,haj minhf,9999999
𠫾塊,ddiz khoir,9999999
襖𠫾𩅹,aos ddiz muwaz,9999999
𠫾𠓨,ddiz vaof,9999999
𠫾爫役,ddiz lamf vieecj,9999999
𠫾遶,ddiz theoz,9999999
𠫾蹎,ddiz chaanz,9999999
𠫾𧗱,ddiz veef,9999999
𠫾ㇴ吏ㇴ,ddiz ddiz laij laij,9999999
𠫾𦣰,ddiz nawmf,9999999
𡮣𡥵,bes conz,9999999
在爲,taij vif,9999999
内在,nooij taij,9999999
次𠄩,thuws haiz,9999999
被動,bij ddoongj,9999999
防備,phongf bij,9999999
設備,thieets bij,9999999
工役,coongz vieecj,9999999
𠫾爫役,ddiz lamf vieecj,9999999
分役,phaanf vieecj,9999999
爫役,lamf vieecj,9999999
𣇞爫役,giowf lamf vieecj,9999999
世事,thees suwj,9999999
事物,suwj vaatj,9999999
領事,lanhx suwj,9999999
總領事,toongr lanhx suwj,9999999
起事,khowir suwj,9999999
事實,suwj thaatj ,9999999
𠫾遶,ddiz theoz,9999999
丐妬,cais ddos,9999999
丐呢,cais nayf,9999999
𠬠丐,mootj cais,9999999
丐之,cais gif,9999999
曾丐,tuwngf cais,9999999
在爲,taij vif,9999999
𤳄爲,bowir vif,9999999
呐𨔈,nois chowiz,9999999
姑教,cooz giaos,9999999
姑娘,cooz nangf,9999999
𣈜箕,ngayf kiaz,9999999
𣈜常,ngayf thuwowngf,9999999
最𣈜,toois ngayf,9999999
𣈜务,ngayf muaf,9999999
祝𢜠𢆥㵋,chucs muwngf nawmz mowis,9999999
𨖲𤖹,leenz lowps,9999999
捲𨖲,cuoons leenz,9999999
慄𱻀,raats laf,9999999
偀戶,anhz hoj,9999999
𠸜戶,teenz hoj,9999999
戶口,hooj khaaur,9999999
老婆,laox baf,9999999
婆外,baf ngoaij,9999999
婆内,baf nooij,9999999
入局,nhaapj cuoocj,9999999
局生,cuoocj soongs,9999999
册引,sachs daanx,9999999
卷册,cuoons sachs,9999999
讀册,ddocj sachs,9999999
同音,ddoongf aamz,9999999
共同,coongj ddoongf,9999999
同意,ddoongf ys,9999999
銅鉑,ddoongf bacj,9999999
垌平,ddoongf bawngf,9999999
𩵜垌,cas ddoongf,9999999
𡢐欺,sauz khiz,9999999
𡢐歇,sauz heets,9999999
𡢐𠯆,sauz nuwax,9999999
𡢐𠸗,sauz xuwaz,9999999
𠓀𡢐,truwowcs sauz,9999999
當今,dduwowngz kimz,9999999
咍過,hayz quas,9999999
𤯩𣩂,soongs cheets,9999999
扒𤯩,bawts soongs,9999999
咹𤯩,awnz soongs,9999999
年少,nieenz thieeus,9999999
十年,thaapj nieenz,9999999
元年,nguyeenz nieenz,9999999
青年,thanhz nieenz,9999999
成年,thanhf nieenz,9999999
别𩈘,bieets mawtj,9999999
别條,bieets ddieeuf,9999999
認别,nhaanj bieets,9999999
𣗓曾𧡊,chuwaz tuwngf thaays,9999999
耒𫥨,rooif raz,9999999
占城,chieemz thanhf ,9999999
成此,thanhf thuwr,9999999
形成,hinhf thanhf,9999999
成年,thanhf nieenz,9999999
誠實,thanhf thaatj,9999999
次𠄼,thuws nawmz,9999999
渃𤊡,nuwowcs bongs,9999999
渃越,nuwowcs vieetj,9999999
渃炊,nuwowcs sooiz,9999999
𡽫渃,nonz nuwowcs,9999999
渃𥒥,nuwowcs ddas,9999999
渃𣖙,nuwowcs mias,9999999
渃茶,nuwowcs traf,9999999
𢭲細,vois towis,9999999
𦓅哿,giaf car,9999999
歇哿,heets car,9999999
共同,coongj ddoongf,9999999
庄之,chawngr gif,9999999
空之,khoongz gif,9999999
丐之,cais gif,9999999
兜低,ddaauz ddaayz,9999999
卒数,toots soos,9999999
都数,ddur soos,9999999
数黰,soos ddenz,9999999
𠁦数,trungs soos,9999999
縁数,duyeenz soos,9999999
係数,heej soos,9999999
營数,doanhz soos,9999999
指数經濟,chir soos kinhz tees,9999999
菭歲,ddaayf tuooir,9999999
𠃣歲,its tuooir,9999999
𢜠歲,muwngf tuooir,9999999
次一,thuws nhaats,9999999
次二,thuws nhif,9999999
次𠄩,thuws haiz,9999999
次𠀧,thuws baz,9999999
次四,thuws tuwz,9999999
次𠄼,thuws nawmz,9999999
次𦒹,thuws saus,9999999
次𬙞,thuws bayr,9999999
次要,thuws yeeus,9999999
時期,thowif kyf,9999999
花旗,hoaz kyf,9999999
下旗,haj cowf,9999999
南圻,namz kyf,9999999
北圻,bawcs kyf,9999999
中圻,trungz kyf,9999999
㛪重,emz choongf,9999999
㛪𫯳,emz choongf,9999999
偀姉㛪,anhz chij emz,9999999
𥘷㛪,trer emz,9999999
萬一,vanj nhaats,9999999
第一,ddeej nhaats,9999999
次一,thuws nhaats,9999999
𠓀𡢐,truwowcs sauz,9999999
徊𠓀,hooif truwowcs,9999999
各伴,cacs banj,9999999
伴𫇰,banj cux,9999999
伴鐄,banj vangf,9999999
意想,ys tuwowngr,9999999
意見,ys kieens,9999999
意義,ys nghiax,9999999
意志,ys chis,9999999
注意,chus ys,9999999
適意,thichs ys,9999999
㗂意,tieengs ys,9999999
𡨹意,giuwx ys,9999999
𢢲意,ddepj ys,9999999
同意,ddoongf ys,9999999
意𢣂,ys nghix,9999999
形影,hinhf anhr,9999999
影焒,anhr luwar,9999999
紙影,giaays anhr,9999999
和平,hoaf binhf,9999999
太平洋,thais binhf duwowngz,9999999
垌平,ddoongf bawngf,9999999
金朋,kimz bawngf,9999999
如勢芇,nhuwz thees naof,9999999
徊芇,hooif naof,9999999
頭𣎃,ddaauf thangs,9999999
吝頭,laanf ddaauf,9999999
拖頭,ddowx ddaauf,9999999
吝頭先,laanf ddaauf tieenz,9999999
投機,ddaauf cowz,9999999
朝阮,trieeuf nguyeenx,9999999
𠶢哴,duf rawngf,9999999
格爫,cachs lamf,9999999
𣘃曰,caayz vieets,9999999
紙曰書,giaays vieets thuwz,9999999
𣅶呢,lucs nayf,9999999
理想,lys tuwowngr,9999999
理由,lys doz,9999999
固理,cos lys,9999999
物理,vaatj lys,9999999
物理學,vaatj lys hocj,9999999
心理,taamz lys,9999999
地理,ddiaj lys,9999999
助理,trowj lys,9999999
正體,chinhs theer,9999999
政治家,chinhs trij giaz,9999999
政治犯,chinhs trij phamj,9999999
政黨,chinhs ddangr,9999999
地政治,ddiaj chinhs trij,9999999
執政,chaaps chinhs,9999999
菭𣎃,ddaayf thangs,9999999
頭𣎃,ddaauf thangs,9999999
𣎃四,thangs tuwz,9999999
入會,nhaapj hooij,9999999
社會主義,xax hooij chur nghiax,9999999
調憢,ddeeuf nhauz,9999999
𣗓曾,chuwaz tuwngf,9999999
𣗓曾𧡊,chuwaz tuwngf thaays,9999999
吝頭,laanf ddaauf,9999999
吝頭先,laanf ddaauf tieenz,9999999
由探,doz thams,9999999
縁由,duyeenz doz,9999999
理由,lys doz,9999999
庄𣃣,chawngr vuwaf,9999999
文𨤔,vawnz ver,9999999
文莱,vawnz laiz,9999999
漢文,hans vawnz,9999999
回文,hooif vawnz,9999999
工役,coongz vieecj,9999999
大工業,ddaij coongz nghieepj,9999999
分工,phaanf coongz,9999999
卷册,cuoons sachs,9999999
捲𨖲,cuoons leenz,9999999
捲吏,cuoons laij,9999999
調憢,ddeeuf nhauz,9999999
調拱,ddeeuf cungx,9999999
别條,bieets ddieeuf,9999999
葻花,boongz hoaz,9999999
𥒥花,ddas hoaz,9999999
花茶,hoaz traf,9999999
花旗,hoaz kyf,9999999
中華,trungz hoaz,9999999
仉𡘯,ker lowns,9999999
唄埃,vowis aiz,9999999
埃及,aiz caapj,9999999
埃ㇴ,aiz aiz,9999999
𠇍埃,maays aiz,9999999
次𠀧,thuws baz,9999999
堆𠀧,ddooiz baz,9999999
爸媽,baz mas,9999999
卒㗂,toots tieengs,9999999
㗂越,tieengs vieetj,9999999
㗂英,tieengs anhz,9999999
㗂法,tieengs phaps,9999999
㗂日,tieengs nhaatj,9999999
㗂中國,tieengs trungz quoocs,9999999
㗂德,tieengs dduwcs,9999999
㗂意,tieengs ys,9999999
㗂美,tieengs myx,9999999
㗂中,tieengs trungz,9999999
芒㗂,mangz tieengs,9999999
引塘,daanx dduwowngf,9999999
𨷑塘,mowr dduwowngf,9999999
塘鐵,dduwowngf sawts,9999999
塘高速,dduwowngf caoz toocs,9999999
糖𥽢,dduwowngf phenf,9999999
學堂,hocj dduwowngf,9999999
女學堂,nuwx hocj dduwowngf,9999999
佛堂,phaatj dduwowngf,9999999
教堂,giaos dduwowngf,9999999
後堂,haauj dduwowngf,9999999
内堂,nooij dduwowngf,9999999
世紀,thees kyr,9999999
世事,thees suwj,9999999
世俗,thees tucj,9999999
新世界,taanz thees giowis,9999999
替品,thees phaamr,9999999
氣勢,khis thees,9999999
形勢,hinhf thees,9999999
地勢,ddiaj thees,9999999
如勢芇,nhuwz thees naof,9999999
𣗓曾,chuwaz tuwngf,9999999
𣗓曾𧡊,chuwaz tuwngf thaays,9999999
㐌曾,ddax tuwngf,9999999
曾丐,tuwngf cais,9999999
泣坭,khawps nowiz,9999999
𦣰坭,nawmf nowiz,9999999
形𦘧,hinhf vex,9999999
形勢,hinhf thees,9999999
形影,hinhf anhr,9999999
隊形,ddooij hinhf,9999999
形成,hinhf thanhf,9999999
現前,hieenj tieenf,9999999
𩈘前,mawtj tieenf,9999999
前定,tieenf ddinhj,9999999
前提,tieenf ddeef,9999999
前途,tieenf ddoof,9999999
前人,tieenf nhaanz,9999999
前史,tieenf suwr,9999999
錢紙,tieenf giaays,9999999
𪝳些,hawns taz,9999999
指南,chir namz,9999999
越南,vieetj namz,9999999
海南,hair namz,9999999
洲南極,chaauz namz cuwcj,9999999
南大洋,namz ddaij duwowngz,9999999
南洋,namz duwowngz,9999999
南非,namz phiz,9999999
𪰂南,phias namz,9999999
南美,namz myx,9999999
南圻,namz kyf,9999999
沔南,mieenf namz,9999999
𧆄南,thuoocs namz,9999999
越南,vieetj namz,9999999
𠊛越,nguwowif vieetj,9999999
渃越,nuwowcs vieetj,9999999
㗂越,tieengs vieetj,9999999
漢越,hans vieetj,9999999
中國,trungz quoocs,9999999
節中秋,teets trungz thuz,9999999
㗂中國,tieengs trungz quoocs,9999999
中非,trungz phiz,9999999
地中海,ddiaj trungz hair,9999999
中學,trungz hocj,9999999
中心研究,trungz taamz nghieenz cuwus,9999999
㗂中,tieengs trungz,9999999
中華,trungz hoaz,9999999
沔中,mieenf trungz,9999999
中圻,trungz kyf,9999999
禮中秋,leex trungz thuz,9999999
茹𥘷,nhaf trer,9999999
𥘷㛪,trer emz,9999999
嫩𥘷,nonz trer,9999999
𠸜戶,teenz hoj,9999999
𠸜俗,teenz tucj,9999999
𨖅𠸜,sangz teenz,9999999
𥏌焒,teenz luwar,9999999
誠實,thanhf thaatj,9999999
𣦍實,ngayz thaatj,9999999
事實,suwj thaatj ,9999999
殷勤,aanz caanf,9999999
勤要,caanf yeeus,9999999
𢲧𡀯,gaayz chuyeenj,9999999
芒㗂,mangz tieengs,9999999
偀姉㛪,anhz chij emz,9999999
𨢇禮,ruwowuj leex,9999999
禮儀,leex nghiz,9999999
禮中秋,leex trungz thuz,9999999
禮教,leex giaos,9999999
中國,trungz quoocs,9999999
㗂中國,tieengs trungz quoocs,9999999
帝國德,ddees quoocs dduwcs,9999999
王國西班牙,vuwowngz quoocs taayz banz nhaz,9999999
王國丹麥,vuwowngz quoocs ddanz machj,9999999
國營,quoocs doanhz,9999999
英國,anhz quoocs,9999999
王國英,vuwowngz quoocs anhz,9999999
朝高,chieeuf caoz,9999999
高賖,caoz xaz,9999999
高點,caoz ddieemr,9999999
高上,caoz thuwowngj,9999999
高𢢲,caoz ddepj,9999999
高棉,caoz mieenz,9999999
塘高速,dduwowngf caoz toocs,9999999
步行,booj hanhf,9999999
𧼋步,chayj booj,9999999
淎北部,vinhj bawcs booj,9999999
部首,booj thur,9999999
部下,booj haj,9999999
下部,haj booj,9999999
𤞦𠊛,moij nguwowif,9999999
包書,baoz thowz,9999999
書電子,thuwz ddieenj tuwr,9999999
斤書,caanz thuwz,9999999
紙曰書,giaays vieets thuwz,9999999
盒書,hoopj thuwz,9999999
最後書,toois haauj thuwz,9999999
祝書,chucs thuwz,9999999
彈爭,ddanf tranhz,9999999
傳幀,truyeenj tranhz,9999999
包𢬣,baoz tayz,9999999
蹎𢬣,chaanz tayz,9999999
𢬣𤽸,tayz trawngs,9999999
𢭲𢬣,vois tayz,9999999
𢝙𢚸,vuiz longf,9999999
信息,tinz tuwcs,9999999
德信,dduwcs tinz,9999999
吀嘲,xinz chaof,9999999
求吀,caauf xinz,9999999
民黰,daanz ddenz,9999999
民舉,daanz cuwr,9999999
民權,daanz quyeenf,9999999
民衛,daanz veej,9999999
聯省,lieenz tinhr,9999999
咍過,hayz quas,9999999
過𡗋,quas lawms,9999999
咹𤯩,awnz soongs,9999999
盤咹,banf awnz,9999999
咹試,awnz thuwr,9999999
式咹,thuwcs awnz,9999999
房咹,phongf awnz,9999999
貪咹,thamz awnz,9999999
店咹,tieemj awnz,9999999
油咹,daauf awnz,9999999
咹𢜠,awnz muwngf,9999999
勤要,caanf yeeus,9999999
𦓅要,giaf yeeus,9999999
𡮈要,nhor yeeus,9999999
必要,taats yeeus,9999999
次要,thuws yeeus,9999999
重要,trongj yeeus,9999999
要點,yeeus ddieemr,9999999
要人,yeeus nhaanz,9999999
𡞕重,vowj choongf,9999999
讀册,ddocj sachs,9999999
㹥𣩂,chos cheets,9999999
𣩂𨅸,cheets dduwngs,9999999
𣩂吒,cheets chaz,9999999
𤯩𣩂,soongs cheets,9999999
場𠖤,truwowngf bayz,9999999
場大學,truwowngf ddaij hocj,9999999
場小學,truwowngf tieeur hocj,9999999
價市場,gias thij truwowngf,9999999
媒場學,mooiz truwowngf hocj,9999999
魚場,nguwz truwowngf,9999999
黨長,ddangr truwowngr,9999999
隊長,ddooij truwowngr,9999999
科長,khoaz truwowngr,9999999
𡖡長,nhoms truwowngr,9999999
生長,sinhz truwowngr,9999999
師長,suwz truwowngr,9999999
首長,thur truwowngr,9999999
長科,truwowngr khoaz,9999999
步行,booj hanhf,9999999
銀行𧖱,ngaanz hangf maus,9999999
交行,giaoz hangf,9999999
德行,dduwcs hanhj,9999999
行𡦂,hangf chuwx,9999999
航海,hangf hair,9999999
𦖑唏,nghez howiz,9999999
𢢲老,ddepj laox,9999999
𢢲縁,ddeepj duyeenz,9999999
𢢲意,ddepj ys,9999999
𢢲𢚸,ddepj longf,9999999
高𢢲,caoz ddepj,9999999
字典,tuwj ddieenr,9999999
紅十字,hoongf thaapj tuwj,9999999
𠢞拖,giups ddowx,9999999
𡮈要,nhor yeeus,9999999
𠊟𡮈,thawngf nhor,9999999
仉𡮈,ker nhor,9999999
姅务,nuwar muaf,9999999
庄𠯆,chawngr nuwax,9999999
𡢐𠯆,sauz nuwax,9999999
𫀅常,coiz thuwowngz,9999999
易常,deex thuwowngf,9999999
𣈜常,ngayf thuwowngf,9999999
五常,ngux thuwowngf,9999999
失常,thaats thuwowngf,9999999
常欺,thuwowngf khiz,9999999
常日,thuwowngf nhaatj,9999999
常常,thuwowngf thuwowngf,9999999
場大學,truwowngf ddaij hocj,9999999
學問,hocj vaans,9999999
物理學,vaatj lys hocj,9999999
動物學,ddoongj vaatj hocj,9999999
入學,nhaapj hocj,9999999
神學,thaanf hocj,9999999
考古學,khaor coor hocj,9999999
古生物學,coor sinhz vaatj hocj,9999999
中學,trungz hocj,9999999
場小學,truwowngf tieeur hocj,9999999
藥學,duwowcj hocj,9999999
人類學,nhaanz loaij hocj,9999999
分類學,phaanz loaij hocj,9999999
科學技術,khoaz hocj kyx thuaatj,9999999
地質學,ddiaj chaats hocj,9999999
學屬𢚸,hocj thuoocj longf,9999999
學堂,hocj dduwowngf,9999999
女學堂,nuwx hocj dduwowngf,9999999
媒場學,mooiz truwowngf hocj,9999999
林學,laamz hocj,9999999
儒學,nhoz hocj,9999999
博學,bacs hocj,9999999
茹博學,nhaf bacs hocj,9999999
亞東,as ddoongz,9999999
䬔東,gios ddoongz,9999999
東洋,ddoongz duwowngz,9999999
𣷷東,bieenr ddoongz,9999999
東藥,ddoongz duwowcj,9999999
𪰂東,phias ddoongz,9999999
𠅍𠰺,maats dayj,9999999
𠅍务,maats muaf,9999999
載𨑜,tair xuoongs,9999999
𤀘坦,vungf ddaats,9999999
坦客,ddaats khachs,9999999
𣛤坦,trais ddaats,9999999
坦墆,ddaats ddaiz,9999999
𧸝𠹾,bans chiuj,9999999
半音,bans aamz,9999999
半島,bans ddaor,9999999
半輔音,bans phuj aamz,9999999
人類學,nhaanz loaij hocj,9999999
分類,phaanz loaij,9999999
分類學,phaanz loaij hocj,9999999
品類,phaamr loaij,9999999
都𩈘,ddur mawtj,9999999
𨷑𩈘,mowr mawtj,9999999
别𩈘,bieets mawtj,9999999
認𩈘,nhaanj mawtj,9999999
𩈘前,mawtj tieenf,9999999
夾𩈘,giaps mawtj,9999999
𩈘𡗶,mawtj trowif,9999999
徐䀡,chowf xemz,9999999
𢞂情,buoonf tinhf,9999999
恩情,aanz tinhf,9999999
焒情,luwar tinhf,9999999
景情,canhr tinhf,9999999
情恩,tinhf aanz,9999999
婆外,baf ngoaij,9999999
外交,ngoaif giaoz,9999999
外𠰘,ngoaif mieengj,9999999
家庭边内,giaz ddinhf beenz nooij,9999999
边沛,beenz phair,9999999
边賴,beenz trais,9999999
堆边,ddooiz beenz,9999999
𠹲牢,chuws saoz,9999999
庄牢,chawngr saoz,9999999
爫牢,lamf saoz,9999999
𣋀閻王,saoz ddieemz vuwowngz,9999999
𣋀海王,saoz hair vuwowngz,9999999
𣋀天王,saoz thieenz vuwowngz,9999999
𣋀土,saoz thoor,9999999
𣋀木,saoz moocj,9999999
𣋀火,saoz hoar,9999999
𣋀金,saoz kimz,9999999
𣋀水,saoz thuyr,9999999
𣋀天狼,saoz thieenz langz,9999999
𣋀北极,saoz bawcs cuwcj,9999999
𣋀北斗,saoz bawcs ddaaur,9999999
𤀘坦,vungf ddaats,9999999
𨖅張,sangz trangz,9999999
𠳐𠳒,vaangz lowif,9999999
拖𠳒,ddowx lowif,9999999
𡗉𠳒,nhieeuf lowif,9999999
𡨹𠳒,giuwx lowif,9999999
𠃣𠳒,its lowif,9999999
歇唏,heets howiz,9999999
𡢐歇,sauz heets,9999999
歇哿,heets car,9999999
歇务,heets muaf,9999999
認别,nhaanj bieets,9999999
認𩈘,nhaanj mawtj,9999999
於兜,owr ddaauz,9999999
兜低,ddaauz ddaayz,9999999
傳聲,truyeenf thanhz,9999999
回聲,hooif thanhz,9999999
青年,thanhz nieenz,9999999
青天,thanhz thieenz,9999999
青龍,thanhz longz,9999999
清心,thanhz taamz,9999999
今古,kimz coor,9999999
音樂古典,aamz nhacj coor ddieenr,9999999
蒙古,moongz coor,9999999
考古學,khaor coor hocj,9999999
古生物學,coor sinhz vaatj hocj,9999999
古都,coor ddooz,9999999
𤳄爲,bowir vif,9999999
𢚸卒,longf toots,9999999
𢞂𢚸,buoonf longf,9999999
焒𢚸,luwar longf,9999999
𧁷𢚸,khos longf,9999999
𢢲𢚸,ddepj longf,9999999
𢝙𢚸,vuiz longf,9999999
屬𢚸,thuoocj longf,9999999
學屬𢚸,hocj thuoocj longf,9999999
𡨹𢚸,giuwx longf,9999999
𠬠兆,mootj trieeuj,9999999
𣦍𥐉,ngayz ngawns,9999999
𣦍實,ngayz thaatj,9999999
𧵆賖,gaanf xaz,9999999
日用,nhaatj dungj,9999999
通用,thoongz dungj,9999999
𡞕重,vowj choongf,9999999
茹重,nhaf choongf,9999999
㛪重,emz choongf,9999999
重要,trongj yeeus,9999999
㛪𫯳,emz choongf,9999999
茹𫯳,nhaf choongf,9999999
分𤖹,phaanz lowps,9999999
分𢺺,phaanz chiaz,9999999
分佈,phaanz boos,9999999
分類,phaanz loaij,9999999
分類學,phaanz loaij hocj,9999999
分工,phaanf coongz,9999999
合分,howpj phaanf,9999999
口分,khaaur phaanf,9999999
分𡗉,phaanf nhieeuf,9999999
分子,phaanf tuwr,9999999
分役,phaanf vieecj,9999999
玉女,ngocj nuwx,9999999
女學堂,nuwx hocj dduwowngf,9999999
曠空,khoangr khoongz,9999999
𠸥𫥨,keer raz,9999999
海關,hair quanz,9999999
關心,quanz taamz,9999999
觀音,quanz aamz,9999999
湖水,hoof thuyr,9999999
論拠,luaanj cuws,9999999
拠點,cuws ddieemr,9999999
务春,muaf xuaanz,9999999
回春,hooif xuaanz,9999999
意𢣂,ys nghix,9999999
感𢣂,camr nghix,9999999
𧁷𢣂,khos nghix,9999999
𢣂䏾,nghix bungj,9999999
紙報,giaays baos,9999999
𣷷日本,bieenr nhaatj banr,9999999
日本,nhaatj banr,9999999
大本營,ddaij banr doanhz,9999999
本營,banr doanhz,9999999
適意,thichs ys,9999999
感傷,camr thuwowngz,9999999
𢖵傷,nhows thuwowngz,9999999
總領事,toongr lanhx suwj,9999999
總統,toongr thoongs,9999999
總面積,toongr dieenj tichs,9999999
撑蘿𣘃,xanhz las caayz,9999999
𣘃曰,caayz vieets,9999999
楛𣘃,goox caayz,9999999
核仁,hachj nhaanz,9999999
傳幀,truyeenj tranhz,9999999
傳聲,truyeenf thanhz,9999999
𢖵𠁀,nhows ddowif,9999999
𦓅𠁀,giaf ddowif,9999999
犯法,phamj phaps,9999999
法治,phaps trij,9999999
㗂法,tieengs phaps,9999999
法權,phaps quyeenf,9999999
法屬,phaps thuoocj,9999999
清心,thanhz taamz,9999999
心理,taamz lys,9999999
中心研究,trungz taamz nghieenz cuwus,9999999
關心,quanz taamz,9999999
𧵆賖,gaanf xaz,9999999
高賖,caoz xaz,9999999
𤎜眜,sangs mawts,9999999
𡦂眜,chuwx mawts,9999999
價眜,gias mawts,9999999
𤯆眜,ngonz mawts,9999999
北冰洋,bawcs bawngz duwowngz,9999999
𣋀北极,saoz bawcs cuwcj,9999999
𣋀北斗,saoz bawcs ddaaur,9999999
北斗七星,bawcs ddaaur thaats tinhz,9999999
淎北部,vinhj bawcs booj,9999999
北京,bawcs kinhz,9999999
𪰂北,phias bawcs,9999999
北美,bawcs myx,9999999
北圻,bawcs kyf,9999999
沔北,mieenf bawcs,9999999
𧆄北,thuoocs bawcs,9999999
英明,anhz minhz,9999999
精明,tinhz minhz,9999999
元年,nguyeenz nieenz,9999999
元音,nguyeenz aamz,9999999
節元旦,teets nguyeenz ddans,9999999
紀元,kyr nguyeenz,9999999
二元,nhij nguyeenz,9999999
源𤎜,nguoonf sangs,9999999
詞源,tuwf nguyeenz,9999999
西原,taayz nguyeenz,9999999
太原,thais nguyeenz,9999999
次四,thuws tuwz,9999999
𣎃四,thangs tuwz,9999999
四海,tuwz hair,9999999
油咹,daauf awnz,9999999
𠶢哴,duf rawngf,9999999
默𠶢,mawcj daauf,9999999
價眜,gias mawts,9999999
價市場,gias thij truwowngf,9999999
下價,haj gias,9999999
噠價,ddawtj gias,9999999
𡎥空,ngooif khoongz,9999999
場大學,truwowngf ddaij hocj,9999999
大工業,ddaij coongz nghieepj,9999999
洲大洋,chaauz ddaij duwowngz,9999999
大西洋,ddaij taayz duwowngz,9999999
南大洋,namz ddaij duwowngz,9999999
加拿大,giaz nax ddaij,9999999
大陸,ddaij lucj,9999999
大本營,ddaij banr doanhz,9999999
大營,ddaij doanhz,9999999
大儒,ddaij nhoz,9999999
近代,caanj ddaij,9999999
庄包𣇞,chawngr baoz giowf,9999999
空包𣇞,khoongz baoz giowf,9999999
𣇞爫役,giowf lamf vieecj,9999999
𣇞𥹰,giowf laauz,9999999
形𦘧,hinhf vex,9999999
牟𦘧,mauf vex,9999999
輪𠰘,luoonz mieengj,9999999
公司,coongz tyz,9999999
伯𡛔,bacs gais,9999999
造𫥨,taoj raz,9999999
造化,taoj hoas,9999999
建造,kieens taoj,9999999
𣋚箕,hoomz kiaz,9999999
𣋚𠸗,hoomz xuwaz,9999999
𣋚箕,hoomz kiaz,9999999
务春,muaf xuaanz,9999999
䬔务,gios muaf,9999999
爫务,lamf muaf,9999999
歇务,heets muaf,9999999
务秋,muaf thuz,9999999
𠅍务,maats muaf,9999999
姅务,nuwar muaf,9999999
𣈜务,ngayf muaf,9999999
庄包𣇞,chawngr baoz giowf,9999999
庄之,chawngr gif,9999999
庄𠯆,chawngr nuwax,9999999
庄他,chawngr thaf,9999999
庄𣃣,chawngr vuwaf,9999999
庄牢,chawngr saoz,9999999
𦓡推,maf thooiz,9999999
喂推,ooiz thooiz,9999999
牟綠,mauf lucj,9999999
牟黰,mauf ddenz,9999999
牟𦘧,mauf vex,9999999
𢲧戰,gaayz chieens,9999999
𢲧𡀯,gaayz chuyeenj,9999999
𢲧𥩯,gaayz duwngj,9999999
引解,daanx giair,9999999
解義,giair nghiax,9999999
人德,nhaanz dduwcs,9999999
㗂德,tieengs dduwcs,9999999
德行,dduwcs hanhj,9999999
德信,dduwcs tinz,9999999
嗣德,tuwj dduwcs,9999999
帝國德,ddees quoocs dduwcs,9999999
指點,chir ddieemr,9999999
高點,caoz ddieemr,9999999
拠點,cuws ddieemr,9999999
要點,yeeus ddieemr,9999999
𡨹意,giuwx ys,9999999
𡨹𠳒,giuwx lowif,9999999
𡨹𢚸,giuwx longf,9999999
𡨹𠰘,giuwx mieengj,9999999
𡨹𡊲,giuwx choox,9999999
𢚸卒,longf toots,9999999
卒数,toots soos,9999999
卒㗂,toots tieengs,9999999
教務,giaos vuj,9999999
特務,ddawcj vuj,9999999
𠁦数,trungs soos,9999999
𢘾𡗶,nhowf trowif,9999999
撑䏧𡗶,xanhz daz trowif,9999999
𡗶𩅹,trowif muwaz,9999999
呌𡗶,keeuz trowif,9999999
𩈘𡗶,mawtj trowif,9999999
𢖵𠁀,nhows ddowif,9999999
𢖵茹,nhows nhaf,9999999
𢖵𫥨,nhows raz,9999999
𢖵傷,nhows thuwowngz,9999999
𢖵惜,nhows tieecs,9999999
𦣰迷,nawmf meez,9999999
𠫾𦣰,ddiz nawmf,9999999
𦣰坭,nawmf nowiz,9999999
意想,ys tuwowngr,9999999
回想,hooif tuwowngr,9999999
回想,hooif tuwowngr,9999999
空想,khoongz tuwowngr,9999999
理想,lys tuwowngr,9999999
沔北,mieenf bawcs,9999999
沔南,mieenf namz,9999999
沔中,mieenf trungz,9999999
屬𢚸,thuoocj longf,9999999
學屬𢚸,hocj thuoocj longf,9999999
䏧屬,daz thuoocj,9999999
後屬地,haauj thuoocj ddiaj,9999999
法屬,phaps thuoocj,9999999
屬性,thuoocj tinhs,9999999
注意,chus ys,9999999
輔注,phuj chus,9999999
排爫,baif lamf,9999999
排講,baif giangr,9999999
𨖅𢆥,sangz nawmz,9999999
𨑻𨖅,ddemz sangz,9999999
𨖅𠸜,sangz teenz,9999999
𨖅張,sangz trangz,9999999
伴鐄,banj vangf,9999999
𩵜鐄,cas vangf,9999999
鐄西,vangf taayz,9999999
上旬,thuwowngj tuaanf,9999999
眾𠋥,chungs mayf,9999999
𣛠𠖤,mays bayz,9999999
打𣛠,ddanhs mays,9999999
紙打𣛠,giaays ddanhs mays,9999999
白金,bachj kimz,9999999
合金,howpj kimz,9999999
金英,kimz anhz,9999999
金朋,kimz bawngf,9999999
𣋀金,saoz kimz,9999999
當今,dduwowngz kimz,9999999
今古,kimz coor,9999999
亞洲,as chaauz,9999999
非洲,phiz chaauz,9999999
洲南極,chaauz namz cuwcj,9999999
洲澳,chaauz ucs,9999999
洲大洋,chaauz ddaij duwowngz,9999999
满洲,manx chaauz,9999999
洲歐,chaauz aauz,9999999
洲亞,chaauz as,9999999
洲非,chaauz phiz,9999999
洲美,chaauz myx,9999999
洲陸,chaauz lucj,9999999
籺珠,hatj chaauz,9999999
山林,sownz laamz,9999999
火山,hoar sownz,9999999
菭𣎃,ddaayf thangs,9999999
菭歲,ddaayf tuooir,9999999
常日,thuwowngf nhaatj,9999999
日用,nhaatj dungj,9999999
㗂日,tieengs nhaatj,9999999
𣷷日本,bieenr nhaatj banr,9999999
日本,nhaatj banr,9999999
朝𨱽,chieeuf daif,9999999
音樂古典,aamz nhacj coor ddieenr,9999999
班迺,banz nayx,9999999
班𤎜,banz sangs,9999999
西班牙,taayz banz nhaz,9999999
王國西班牙,vuwowngz quoocs taayz banz nhaz,9999999
班最,banz toois,9999999
都数,ddur soos,9999999
都𩈘,ddur mawtj,9999999
古都,coor ddooz,9999999
姑娘,cooz nangf,9999999
娘仙,nangf tieenz,9999999
詩人,thiz nhaanz,9999999
咹試,awnz thuwr,9999999
試舉,thiz cuwr,9999999
棗西,taos taayz,9999999
大西洋,ddaij taayz duwowngz,9999999
西原,taayz nguyeenz,9999999
西藏,taayz tangj,9999999
西班牙,taayz banz nhaz,9999999
新西兰,taanz taayz lanz,9999999
𪰂西,phias taayz,9999999
王國西班牙,vuwowngz quoocs taayz banz nhaz,9999999
鐄西,vangf taayz,9999999
噠價,ddawtj gias,9999999
瓶水,binhf thuyr,9999999
噲𨷶,goij cuwar,9999999
意義,ys nghiax,9999999
解義,giair nghiax,9999999
仁義,nhaanz nghiax,9999999
社會主義,xax hooij chur nghiax,9999999
最義,toois nghiax,9999999
𠬃空,bor khoongz,9999999
𠬃默,bor mawcj,9999999
𠃣𥹰,its laauz,9999999
包𥹰,baoz laauz,9999999
𣇞𥹰,giowf laauz,9999999
徊𥹰,hooif laauz,9999999
自𥹰,tuwf laauz,9999999
房咹,phongf awnz,9999999
房茶,phongf traf,9999999
藥房,duwowcj phongf,9999999
防空,phongf khoongz,9999999
防備,phongf bij,9999999
防衛,phongf veej,9999999
𠹲牢,chuws saoz,9999999
過𡗋,quas lawms,9999999
𡦂喃,chuwx noomz,9999999
𡦂十𧹼,chuwx thaapj ddor,9999999
𨔈𡦂,chowiz chuwx,9999999
𡦂儒,chuwx nhoz,9999999
行𡦂,hangf chuwx,9999999
𡦂眜,chuwx mawts,9999999
𠫾塊,ddiz khoir,9999999
𣷷日本,bieenr nhaatj banr,9999999
𣷷東,bieenr ddoongz,9999999
𣷷黰,bieenr ddenz,9999999
𩵜𣷷,cas bieenr,9999999
𦊚𣷷,boons bieenr,9999999
節中秋,teets trungz thuz,9999999
禮中秋,leex trungz thuz,9999999
务秋,muaf thuz,9999999
求縁,caauf duyeenz,9999999
求吀,caauf xinz,9999999
呌求,keeuz caauf,9999999
求祝,caauf chucs,9999999
𤎜𤊡,sangs bongs,9999999
源𤎜,nguoonf sangs,9999999
𤎜眜,sangs mawts,9999999
班𤎜,banz sangs,9999999
𧼋步,chayj booj,9999999
𢟘蹎,chawcs chaanz,9999999
蹎𩄲,chaanz maayz,9999999
𠫾蹎,ddiz chaanz,9999999
蹎𢬣,chaanz tayz,9999999
𪰂北,phias bawcs,9999999
𪰂西,phias taayz,9999999
𪰂南,phias namz,9999999
𪰂東,phias ddoongz,9999999
人縁,nhaanz duyeenz,9999999
婦人,phuj nhaanz,9999999
詩人,thiz nhaanz,9999999
人德,nhaanz dduwcs,9999999
恩人,aanz nhaanz,9999999
人類學,nhaanz loaij hocj,9999999
前人,tieenf nhaanz,9999999
要人,yeeus nhaanz,9999999
核仁,hachj nhaanz,9999999
杏仁,hanhj nhaanz,9999999
不仁,baats nhaanz,9999999
仁義,nhaanz nghiax,9999999
保全,baor toanf,9999999
𠰺保,dayj baor,9999999
特區,ddawcj khuz,9999999
美術,myx thuaatj,9999999
劍術,kieems thuaatj,9999999
科學技術,khoaz hocj kyx thuaatj,9999999
技術,kyx thuaatj,9999999
边賴,beenz trais,9999999
𣛤坦,trais ddaats,9999999
玉女,ngocj nuwx,9999999
客地,khachs ddiaj,9999999
爫客,lamf khachs,9999999
茹客,nhaf khachs,9999999
上客,thuwowngj khachs,9999999
坦客,ddaats khachs,9999999
噲𨷶,goij cuwar,9999999
青龍,thanhz longz,9999999
恐龍,khungr longz,9999999
下龍,haj longz,9999999
囉喝,laz hets,9999999
總統,toongr thoongs,9999999
𨷑塘,mowr dduwowngf,9999999
𨷑𩈘,mowr mawtj,9999999
𨷑𠰘,mowr mieengj,9999999
朝𨱽,chieeuf daif,9999999
朝高,chieeuf caoz,9999999
朝鮮,trieeuf tieenz,9999999
朝阮,trieeuf nguyeenx,9999999
公社,coongz xax,9999999
公爵,coongz tuwowcs,9999999
公司,coongz tyz,9999999
𧵑公,cuar coongz,9999999
於終,owr chungz,9999999
𧵑終,cuar chungz,9999999
少婦,thieeus phuj,9999999
年少,nieenz thieeus,9999999
現前,hieenj tieenf,9999999
𣩂𨅸,cheets dduwngs,9999999
𨅸䬔,dduwngs gios,9999999
扒𤯩,bawts soongs,9999999
扒焒,bawts luwar,9999999
𨢇孟,ruwowuj manhj,9999999
孟劸,manhj khoer,9999999
𡮣𡥵,bes conz,9999999
𠊟𡮣,thawngf bes,9999999
近視,caanj thij,9999999
指示,chir thij,9999999
價市場,gias thij truwowngf,9999999
急時,caaps thowif,9999999
級下,caaps haj,9999999
和平,hoaf binhf,9999999
𢞂𥄬,buoonf ngur,9999999
𢞂𢚸,buoonf longf,9999999
𢞂唭,buoonf cuwowif,9999999
𢞂情,buoonf tinhf,9999999
𢗼𢞂,loz buoonf,9999999
泰蘭,thais lanz,9999999
葻蘭,boongz lanz,9999999
跢𣈖,ddas bongs,9999999
𨔈跢𣈖,chowiz ddas bongs,9999999
鬥跢,ddaaus ddas,9999999
𥒥花,ddas hoaz,9999999
𥒥焒,ddas luwar,9999999
渃𥒥,nuwowcs ddas,9999999
𨔈跢𣈖,chowiz ddas bongs,9999999
𨔈𡦂,chowiz chuwx,9999999
呐𨔈,nois chowiz,9999999
物理,vaatj lys,9999999
物理學,vaatj lys hocj,9999999
事物,suwj vaatj,9999999
動物學,ddoongj vaatj hocj,9999999
景物,canhr vaatj,9999999
物品,vaatj phaamr,9999999
萬物,vanj vaatj,9999999
古生物學,coor sinhz vaatj hocj,9999999
博物,bacs vaatj,9999999
伴𫇰,banj cux,9999999
如𫇰,nhuwz cux,9999999
連結,lieenz keets,9999999
聯合,lieenz howpj,9999999
聯省,lieenz tinhr,9999999
聯邦俄,lieenz bangz ngaz,9999999
聯營,lieenz doanhz,9999999
𢘾𡗶,nhowf trowif,9999999
𣩂吒,cheets chaz,9999999
茹廚,nhaf chuaf,9999999
偨廚,thaayf chuaf,9999999
家庭边内,giaz ddinhf beenz nooij,9999999
政治家,chinhs trij giaz,9999999
家庭治,giaz ddinhf trij,9999999
作家,tacs giaz,9999999
家景,giaz canhr,9999999
儒家,nhoz giaz,9999999
加拿大,giaz nax ddaij,9999999
引電,daanx ddieenj,9999999
畑電,ddenf ddieenj,9999999
絏電,daayz ddieenj,9999999
書電子,thuwz ddieenj tuwr,9999999
香料,huwowngz lieeuj,9999999
鄉老,huwowngz laox,9999999
鄉俗,huwowngz tucj,9999999
場𠖤,truwowngf bayz,9999999
𣛠𠖤,mays bayz,9999999
𢗼𢞂,loz buoonf,9999999
隊形,ddooij hinhf,9999999
飛隊,phiz ddooij,9999999
隊軍,ddooij quaanz,9999999
隊長,ddooij truwowngr,9999999
𡨹𡊲,giuwx choox,9999999
𫥨𨤔,raz ver,9999999
文𨤔,vawnz ver,9999999
決定論,quyeets ddinhj luaanj,9999999
定料,ddinhj lieeuj,9999999
定例,ddinhj leej,9999999
前定,tieenf ddinhj,9999999
𢞂唭,buoonf cuwowif,9999999
古生物學,coor sinhz vaatj hocj,9999999
研究生,nghieenz cuwus sinhz,9999999
局生,cuoocj soongs,9999999
生長,sinhz truwowngr,9999999
儒生,nhoz sinhz,9999999
生下,sinhz haj,9999999
生堆,sinhz ddooiz,9999999
太平洋,thais binhf duwowngz,9999999
太原,thais nguyeenz,9999999
印度,aans ddooj,9999999
印度洋,aans ddooj duwowngz,9999999
印度教,aans ddooj giaos,9999999
角度,gocs ddooj,9999999
𡖡長,nhoms truwowngr,9999999
𫀅常,coiz thuwowngz,9999999
隊軍,ddooij quaanz,9999999
軍馬,quaanz max,9999999
𨖲𤖹,leenz lowps,9999999
分𤖹,phaanz lowps,9999999
𠬠𠦳,mootj nghinf,9999999
仉𧁷,ker khos,9999999
仉𡮈,ker nhor,9999999
仉𡘯,ker lowns,9999999
治病,trij beenhj,9999999
太平洋,thais binhf duwowngz,9999999
東洋,ddoongz duwowngz,9999999
洲大洋,chaauz ddaij duwowngz,9999999
大西洋,ddaij taayz duwowngz,9999999
印度洋,aans ddooj duwowngz,9999999
北冰洋,bawcs bawngz duwowngz,9999999
南大洋,namz ddaij duwowngz,9999999
洋琴,duwowngz caamf,9999999
南洋,namz duwowngz,9999999
回想,hooif tuwowngr,9999999
回想,hooif tuwowngr,9999999
回春,hooif xuaanz,9999999
回聲,hooif thanhz,9999999
回文,hooif vawnz,9999999
回吏,hooif laij,9999999
徊𠓀,hooif truwowcs,9999999
徊芇,hooif naof,9999999
徊妬,hooif ddos,9999999
徊𠸗,hooif xuwaz,9999999
𠬠徊,mootj hooif,9999999
徊𥹰,hooif laauz,9999999
藝輔,ngheef phuj,9999999
𠊟𡮈,thawngf nhor,9999999
𠊟𡮣,thawngf bes,9999999
堆𠀧,ddooiz baz,9999999
堆边,ddooiz beenz,9999999
堆𨑮,ddooiz muwowiz,9999999
生堆,sinhz ddooiz,9999999
𠭤恩,trar ownz,9999999
保全,baor toanf,9999999
柴棍,saif gonf,9999999
黰最,ddenz toois,9999999
最義,toois nghiax,9999999
最後,toois haauj,9999999
最後書,toois haauj thuwz,9999999
最𣈜,toois ngayf,9999999
班最,banz toois,9999999
𡶀滝,nuis soongz,9999999
𡽫滝,nonz soongz,9999999
紅河,hoongf haf,9999999
紅十字,hoongf thaapj tuwj,9999999
印度,aans ddooj,9999999
印度洋,aans ddooj duwowngz,9999999
印度教,aans ddooj giaos,9999999
印劍,aans kieems,9999999
紙印,giaays inz,9999999
打𤊡,ddanhs bongs,9999999
打𩃳,ddanhs bongs,9999999
打𣈖盤,ddanhs bongs banf,9999999
打𣛠,ddanhs mays,9999999
打動,ddanhs ddoongj,9999999
紙打𣛠,giaays ddanhs mays,9999999
𠃣歲,its tuooir,9999999
𠃣𠳒,its lowif,9999999
𠃣固,its cos,9999999
𠃣𥹰,its laauz,9999999
飛隊,phiz ddooij,9999999
飛劍,phiz kieems,9999999
𣋚箕,hoomz kiaz,9999999
𢆥箕,nawmz kiaz,9999999
𣈜箕,ngayf kiaz,9999999
𣋚箕,hoomz kiaz,9999999
博學,bacs hocj,9999999
茹博學,nhaf bacs hocj,9999999
博物,bacs vaatj,9999999
伯𡛔,bacs gais,9999999
艚戰,tauf chieens,9999999
合邦,howpj bangz,9999999
聯邦俄,lieenz bangz ngaz,9999999
侠士,hieepj six,9999999
牙士,nhaz six,9999999
藥士,duwowcj six,9999999
瑞士,thuyz six,9999999
儒士,nhoz six,9999999
景物,canhr vaatj,9999999
景情,canhr tinhf,9999999
家景,giaz canhr,9999999
入景,nhaapj canhr,9999999
警衛,canhr veej,9999999
預支,duwj chiz,9999999
造化,taoj hoas,9999999
化値,hoas trij,9999999
𢬣𤽸,tayz trawngs,9999999
政黨,chinhs ddangr,9999999
黨治,ddangr trij,9999999
黨史,ddangr suwr,9999999
黨長,ddangr truwowngr,9999999
𧁷𢚸,khos longf,9999999
𧁷𢣂,khos nghix,9999999
仉𧁷,ker khos,9999999
命𠊛,mangj nguwowif,9999999
運命,vaanj mangj,9999999
新世界,taanz thees giowis,9999999
夾界,giaps giowis,9999999
下界,haj giowis,9999999
阿彌陀佛,az diz ddaf phaatj,9999999
阿片,az phieens,9999999
偨廚,thaayf chuaf,9999999
偨𧆄,thaayf thuoocs,9999999
粓糝,cowmz taams,9999999
𤗲巾,taams khawnz,9999999
息䏾,tuwcs bungj,9999999
𢣂䏾,nghix bungj,9999999
打𩃳,ddanhs bongs,9999999
𣈖畑,bongs ddenf,9999999
跢𣈖,ddas bongs,9999999
𣈖𩵜,bongs cas,9999999
打𣈖盤,ddanhs bongs banf,9999999
𣈖盤,bongs banf,9999999
𨔈跢𣈖,chowiz ddas bongs,9999999
𣈖𦝄,bongs trawngz,9999999
𣈖䬔,bongs gios,9999999
𤎜𤊡,sangs bongs,9999999
渃𤊡,nuwowcs bongs,9999999
打𤊡,ddanhs bongs,9999999
偀払,anhz changf,9999999
偨𧆄,thaayf thuoocs,9999999
𧆄北,thuoocs bawcs,9999999
𧆄南,thuoocs namz,9999999
𧆄𥄬,thuoocs ngur,9999999
襖蘿,aos las,9999999
襖𠫾𩅹,aos ddiz muwaz,9999999
𣋚𠸗,hoomz xuwaz,9999999
𡢐𠸗,sauz xuwaz,9999999
徊𠸗,hooif xuwaz,9999999
劍術,kieems thuaatj,9999999
印劍,aans kieems,9999999
飛劍,phiz kieems,9999999
家庭边内,giaz ddinhf beenz nooij,9999999
家庭治,giaz ddinhf trij,9999999
襖蘿,aos las,9999999
撑蘿𣘃,xanhz las caayz,9999999
𧸝𠹾,bans chiuj,9999999
通用,thoongz dungj,9999999
經財,kinhz taif,9999999
貪財,thamz taif,9999999
探子,thams tuwr,9999999
書電子,thuwz ddieenj tuwr,9999999
孔子,khoongr tuwr,9999999
分子,phaanf tuwr,9999999
撑䏧𡗶,xanhz daz trowif,9999999
䏧屬,daz thuoocj,9999999
紅河,hoongf haf,9999999
河内,haf nooij,9999999
固權,cos quyeenf,9999999
權能,quyeenf nawngz,9999999
法權,phaps quyeenf,9999999
民權,daanz quyeenf,9999999
特權,ddawcj quyeenf,9999999
節中秋,teets trungz thuz,9999999
節元旦,teets nguyeenz ddans,9999999
音節,aamz teets,9999999
多音節,ddaz aamz tieets,9999999
發節,phats tieets,9999999
𠬠𤾓,mootj trawmz,9999999
𦓅𠁀,giaf ddowif,9999999
𦓅哿,giaf car,9999999
𦓅要,giaf yeeus,9999999
政治犯,chinhs trij phamj,9999999
犯法,phamj phaps,9999999
𪝳些,hawns taz,9999999
接夾,tieeps giaps,9999999
佈陣,boos traanj,9999999
戰陣,chieens traanj,9999999
𫥨陣,raz traanj,9999999
失陣,thaats traanj,9999999
爫衝,lamf xongz,9999999
衝𨒺,xungz quanhz,9999999
院研究,vieenj nghieenz cuwus,9999999
撑綠,xanhz lucj,9999999
撑蘿𣘃,xanhz las caayz,9999999
撑䏧𡗶,xanhz daz trowif,9999999
茶撑,traf xanhz,9999999
撑ㇴ,xanhz xanhz,9999999
𣦍𥐉,ngayz ngawns,9999999
𦊚方,boons phuwowngz,9999999
𦊚𣷷,boons bieenr,9999999
貪咹,thamz awnz,9999999
貪財,thamz taif,9999999
𧖱貪,maus thamz,9999999
參戰,thamz chieens,9999999
𣋀閻王,saoz ddieemz vuwowngz,9999999
閻王星,dieemz vuwowngz tinhz,9999999
𣋀海王,saoz hair vuwowngz,9999999
𣋀天王,saoz thieenz vuwowngz,9999999
王國西班牙,vuwowngz quoocs taayz banz nhaz,9999999
王國丹麥,vuwowngz quoocs ddanz machj,9999999
王國英,vuwowngz quoocs anhz,9999999
神學,thaanf hocj,9999999
易常,deex thuwowngf,9999999
囉喝,laz hets,9999999
探子,thams tuwr,9999999
由探,doz thams,9999999
探險,thams hieemr,9999999
庯舍,phoos xas,9999999
牟黰,mauf ddenz,9999999
黰最,ddenz toois,9999999
粓黰,cowmz ddenz,9999999
民黰,daanz ddenz,9999999
数黰,soos ddenz,9999999
𣷷黰,bieenr ddenz,9999999
式咹,thuwcs awnz,9999999
道佛,ddaoj phaatj,9999999
赤道,xichs ddaoj,9999999
輔道,phuj ddaoj,9999999
圖㕵,ddoof uoongs,9999999
前途,tieenf ddoof,9999999
投機,ddaauf cowz,9999999
時機,thowif cowz,9999999
海關,hair quanz,9999999
海口,hair khaaur,9999999
上海,thuwowngj hair,9999999
海南,hair namz,9999999
航海,hangf hair,9999999
𣋀海王,saoz hair vuwowngz,9999999
海賊,hair tawcj,9999999
地中海,ddiaj trungz hair,9999999
黄海,hoangf hair,9999999
黑海,hawcs hair,9999999
四海,tuwz hair,9999999
分佈,phaanz boos,9999999
佈陣,boos traanj,9999999
青天,thanhz thieenz,9999999
𣋀天王,saoz thieenz vuwowngz,9999999
𣋀天狼,saoz thieenz langz,9999999
天使,thieenz suws,9999999
天鳥,thieenz ddieeur,9999999
主治,chur trij,9999999
社會主義,xax hooij chur nghiax,9999999
主體,chur theer,9999999
主筆,chur buts,9999999
𨑻𨖅,ddemz sangz,9999999
埋没,maiz mootj,9999999
𢟘蹎,chawcs chaanz,9999999
意志,ys chis,9999999
㕵𨢇,uoongs ruwowuj,9999999
圖㕵,ddoof uoongs,9999999
指教,chir giaos,9999999
指南,chir namz,9999999
指點,chir ddieemr,9999999
指示,chir thij,9999999
指数經濟,chir soos kinhz tees,9999999
首長,thur truwowngr,9999999
部首,booj thur,9999999
助手,trowj thur,9999999
默𠶢,mawcj daauf,9999999
𠬃默,bor mawcj,9999999
𡦂十𧹼,chuwx thaapj ddor,9999999
泣坭,khawps nowiz,9999999
𠬠唏,mootj howiz,9999999
歇唏,heets howiz,9999999
唏力,howiz suwcs,9999999
𦖑唏,nghez howiz,9999999
帝國德,ddees quoocs dduwcs,9999999
公社,coongz xax,9999999
社論,xax luaanj,9999999
社會主義,xax hooij chur nghiax,9999999
預支,duwj chiz,9999999
𡶀滝,nuis soongz,9999999
𡶀焒,nuis luwar,9999999
𡶀𡽫,nuis nonz,9999999
𧿆𡶀,dayx nuis,9999999
次𦒹,thuws saus,9999999
𦊚方,boons phuwowngz,9999999
盤紙,banf giaays,9999999
錢紙,tieenf giaays,9999999
包紙,baoz giaays,9999999
紙影,giaays anhr,9999999
紙打𣛠,giaays ddanhs mays,9999999
紙報,giaays baos,9999999
紙鉑,giaays bacj,9999999
紙印,giaays inz,9999999
爫紙,lamf giaays,9999999
紙曰書,giaays vieets thuwz,9999999
次𬙞,thuws bayr,9999999
𣈖𩵜,bongs cas,9999999
𩵜鐄,cas vangf,9999999
𩵜垌,cas ddoongf,9999999
𩵜𣷷,cas bieenr,9999999
亞東,as ddoongz,9999999
亞洲,as chaauz,9999999
洲亞,chaauz as,9999999
㕵𨢇,uoongs ruwowuj,9999999
𨢇孟,ruwowuj manhj,9999999
𨢇禮,ruwowuj leex,9999999
息𨉟,tuwcs minhf,9999999
息䏾,tuwcs bungj,9999999
信息,tinz tuwcs,9999999
𠅳𨉟,queenz minhf,9999999
題引,ddeef daanx,9999999
證引,chuwngs daanx,9999999
絏引,daayz daanx,9999999
引電,daanx ddieenj,9999999
引塘,daanx dduwowngf,9999999
引證,daanx chuwngs,9999999
引解,daanx giair,9999999
册引,sachs daanx,9999999
菲律宾,phiz luaatj taanz,9999999
上旬,thuwowngj tuaanf,9999999
上海,thuwowngj hair,9999999
上品,thuwowngj phaamr,9999999
高上,caoz thuwowngj,9999999
上客,thuwowngj khachs,9999999
䬔東,gios ddoongz,9999999
䬔𩅹,gios muwaz,9999999
䬔𦝄,gios trawngz,9999999
𣈖䬔,bongs gios,9999999
䬔务,gios muaf,9999999
𨅸䬔,dduwngs gios,9999999
徐徐,tuwf tuwf,9999999
徐䀡,chowf xemz,9999999
意見,ys kieens,9999999
打動,ddanhs ddoongj,9999999
動物學,ddoongj vaatj hocj,9999999
被動,bij ddoongj,9999999
助動詞,trowj ddoongj tuwf,9999999
眾𠋥,chungs mayf,9999999
打𣈖盤,ddanhs bongs banf,9999999
𣈖盤,bongs banf,9999999
盤咹,banf awnz,9999999
盤論,banf luaanj,9999999
盤紙,banf giaays,9999999
盤𫥨,banf raz,9999999
盤碁,banf cowf,9999999
搬交,banf giaoz,9999999
半島,bans ddaor,9999999
𡉕島,honf ddaor,9999999
襖𠫾𩅹,aos ddiz muwaz,9999999
𡗶𩅹,trowif muwaz,9999999
籺𩅹,hatj muwaz,9999999
䬔𩅹,gios muwaz,9999999
大工業,ddaij coongz nghieepj,9999999
堆𨑮,ddooiz muwowiz,9999999
𢲧𥩯,gaayz duwngj,9999999
𠰺保,dayj baor,9999999
𠅍𠰺,maats dayj,9999999
經財,kinhz taif,9999999
經史,kinhz suwr,9999999
指数經濟,chir soos kinhz tees,9999999
撑綠,xanhz lucj,9999999
牟綠,mauf lucj,9999999
𢞂𥄬,buoonf ngur,9999999
𥄬迷,ngur meez,9999999
𥄬𤯆,ngur ngonz,9999999
𧆄𥄬,thuoocs ngur,9999999
醫濟,yz tees,9999999
指数經濟,chir soos kinhz tees,9999999
艚戰,tauf chieens,9999999
參戰,thamz chieens,9999999
戰船,chieens thuyeenf,9999999
戰陣,chieens traanj,9999999
夾戰,giaps chieens,9999999
𢲧戰,gaayz chieens,9999999
扒焒,bawts luwar,9999999
𥏌焒,teenz luwar,9999999
影焒,anhr luwar,9999999
𡶀焒,nuis luwar,9999999
焒情,luwar tinhf,9999999
焒𢚸,luwar longf,9999999
𥒥焒,ddas luwar,9999999
感傷,camr thuwowngz,9999999
感𢣂,camr nghix,9999999
阿彌陀佛,az diz ddaf phaatj,9999999
道佛,ddaoj phaatj,9999999
佛組,phaatj toor,9999999
佛堂,phaatj dduwowngf,9999999
不仁,baats nhaanz,9999999
不丹,baats ddanz,9999999
製品,chees phaamr,9999999
物品,vaatj phaamr,9999999
上品,thuwowngj phaamr,9999999
替品,thees phaamr,9999999
藥品,duwowcj phaamr,9999999
品類,phaamr loaij,9999999
研究生,nghieenz cuwus sinhz,9999999
查究,traz cuwus,9999999
中心研究,trungz taamz nghieenz cuwus,9999999
院研究,vieenj nghieenz cuwus,9999999
林學,laamz hocj,9999999
山林,sownz laamz,9999999
𠢞拖,giups ddowx,9999999
拖頭,ddowx ddaauf,9999999
拖𠳒,ddowx lowif,9999999
庄包𣇞,chawngr baoz giowf,9999999
包書,baoz thowz,9999999
包𢬣,baoz tayz,9999999
空包𣇞,khoongz baoz giowf,9999999
包紙,baoz giaays,9999999
包𥹰,baoz laauz,9999999
簡體,gianr theer,9999999
主體,chur theer,9999999
正體,chinhs theer,9999999
治病,trij beenhj,9999999
政治家,chinhs trij giaz,9999999
政治犯,chinhs trij phamj,9999999
家庭治,giaz ddinhf trij,9999999
内治,nooij trij,9999999
法治,phaps trij,9999999
自治,tuwj trij,9999999
主治,chur trij,9999999
黨治,ddangr trij,9999999
地政治,ddiaj chinhs trij,9999999
化値,hoas trij,9999999
多値,ddaz trij,9999999
結縁,keets duyeenz,9999999
連結,lieenz keets,9999999
𧖱貪,maus thamz,9999999
銀行𧖱,ngaanz hangf maus,9999999
紅十字,hoongf thaapj tuwj,9999999
𡦂十𧹼,chuwx thaapj ddor,9999999
十年,thaapj nieenz,9999999
洲歐,chaauz aauz,9999999
歐𱻀,aauz laf,9999999
娘仙,nangf tieenz,9999999
吝頭先,laanf ddaauf tieenz,9999999
下筆,haj buts,9999999
部下,booj haj,9999999
下部,haj booj,9999999
級下,caaps haj,9999999
下旗,haj cowf,9999999
下價,haj gias,9999999
下界,haj giowis,9999999
下龍,haj longz,9999999
下𨉟,haj minhf,9999999
下水,haj thuyr,9999999
生下,sinhz haj,9999999
下馬,haj max,9999999
㹥𣩂,chos cheets,9999999
㹥猫,chos meof,9999999
店咹,tieemj awnz,9999999
祝𢜠𢆥㵋,chucs muwngf nawmz mowis,9999999
咹𢜠,awnz muwngf,9999999
𢜠歲,muwngf tuooir,9999999
發問,phats vaans,9999999
發節,phats tieets,9999999
發音,phats aamz,9999999
成此,thanhf thuwr,9999999
彈爭,ddanf tranhz,9999999
翁老,oongz laox,9999999
𢢲老,ddepj laox,9999999
鄉老,huwowngz laox,9999999
老婆,laox baf,9999999
老教,laox giaos,9999999
戰船,chieens thuyeenf,9999999
分𢺺,phaanz chiaz,9999999
佛組,phaatj toor,9999999
組合,toor howpj,9999999
改組,cair toor,9999999
粓糝,cowmz taams,9999999
粓黰,cowmz ddenz,9999999
地域,ddiaj vuwcj,9999999
香料,huwowngz lieeuj,9999999
定料,ddinhj lieeuj,9999999
藥料,duwowcj lieeuj,9999999
合金,howpj kimz,9999999
聯合,lieenz howpj,9999999
組合,toor howpj,9999999
合邦,howpj bangz,9999999
合營,howpj doanhz,9999999
合分,howpj phaanf,9999999
銅鉑,ddoongf bacj,9999999
紙鉑,giaays bacj,9999999
記者,kys giar,9999999
瓶水,binhf thuyr,9999999
𣋀水,saoz thuyr,9999999
湖水,hoof thuyr,9999999
下水,haj thuyr,9999999
鄉俗,huwowngz tucj,9999999
𠸜俗,teenz tucj,9999999
世俗,thees tucj,9999999
俗語,tucj nguwx,9999999
爸媽,baz mas,9999999
楛𣘃,goox caayz,9999999
交行,giaoz hangf,9999999
搬交,banf giaoz,9999999
外交,ngoaif giaoz,9999999
𣈖畑,bongs ddenf,9999999
畑電,ddenf ddieenj,9999999
民舉,daanz cuwr,9999999
試舉,thiz cuwr,9999999
主筆,chur buts,9999999
下筆,haj buts,9999999
領事,lanhx suwj,9999999
總領事,toongr lanhx suwj,9999999
作家,tacs giaz,9999999
軍馬,quaanz max,9999999
下馬,haj max,9999999
馬力,max luwcj,9999999
𥄬迷,ngur meez,9999999
𦣰迷,nawmf meez,9999999
氣勢,khis thees,9999999
壓力空氣,aps luwcj khoongz khis,9999999
輕氣,khinhz khis,9999999
師長,suwz truwowngr,9999999
輪𠰘,luoonz mieengj,9999999
𨷑𠰘,mowr mieengj,9999999
𤯆𠰘,ngonz mieengj,9999999
𡨹𠰘,giuwx mieengj,9999999
外𠰘,ngoaif mieengj,9999999
輔音,phuj aamz,9999999
半輔音,bans phuj aamz,9999999
藝輔,ngheef phuj,9999999
輔道,phuj ddaoj,9999999
輔注,phuj chus,9999999
輔教,phuj giaos,9999999
輔詞,phuj tuwf,9999999
少婦,thieeus phuj,9999999
産婦,sanr phuj,9999999
婦人,phuj nhaanz,9999999
黨史,ddangr suwr,9999999
經史,kinhz suwr,9999999
前史,tieenf suwr,9999999
天使,thieenz suws,9999999
特使,ddawcj suws,9999999
鬥跢,ddaaus ddas,9999999
𣋀北斗,saoz bawcs ddaaur,9999999
北斗七星,bawcs ddaaur thaats tinhz,9999999
悔惜,hoois tieecs,9999999
𢖵惜,nhows tieecs,9999999
唯𠳐,daj vaangz,9999999
相反,tuwowngz phanr,9999999
𥃑五果,maamz ngux quar,9999999
籺椒,hatj tieeuz,9999999
老教,laox giaos,9999999
指教,chir giaos,9999999
姑教,cooz giaos,9999999
教務,giaos vuj,9999999
印度教,aans ddooj giaos,9999999
孔教,khoongr giaos,9999999
教堂,giaos dduwowngf,9999999
禮教,leex giaos,9999999
儒教,nhoz giaos,9999999
輔教,phuj giaos,9999999
精明,tinhz minhz,9999999
閻王星,dieemz vuwowngz tinhz,9999999
北斗七星,bawcs ddaaur thaats tinhz,9999999
火星,hoar tinhz,9999999
科學技術,khoaz hocj kyx thuaatj,9999999
科長,khoaz truwowngr,9999999
長科,truwowngr khoaz,9999999
茶撑,traf xanhz,9999999
花茶,hoaz traf,9999999
渃茶,nuwowcs traf,9999999
房茶,phongf traf,9999999
𢢲縁,ddeepj duyeenz,9999999
縁由,duyeenz doz,9999999
人縁,nhaanz duyeenz,9999999
結縁,keets duyeenz,9999999
縁数,duyeenz soos,9999999
求縁,caauf duyeenz,9999999
助動詞,trowj ddoongj tuwf,9999999
助理,trowj lys,9999999
助手,trowj thur,9999999
小熊,tieeur hungf,9999999
場小學,truwowngf tieeur hocj,9999999
落後,lacj haauj,9999999
後裔,haauj dueej,9999999
後屬地,haauj thuoocj ddiaj,9999999
後堂,haauj dduwowngf,9999999
最後,toois haauj,9999999
最後書,toois haauj thuwz,9999999
入局,nhaapj cuoocj,9999999
入學,nhaapj hocj,9999999
入景,nhaapj canhr,9999999
入口,nhaapj khaaur,9999999
入會,nhaapj hooij,9999999
入内,nhaapj nooij,9999999
内能,nooij nawngz,9999999
權能,quyeenf nawngz,9999999
萬能,vanj nawngz,9999999
葻花,boongz hoaz,9999999
葻蓮,boongz senz,9999999
葻蘭,boongz lanz,9999999
藥品,duwowcj phaamr,9999999
東藥,ddoongz duwowcj,9999999
藥典,duwowcj ddieenr,9999999
藥學,duwowcj hocj,9999999
藥料,duwowcj lieeuj,9999999
藥房,duwowcj phongf,9999999
藥士,duwowcj six,9999999
没藥,mootj duwowcj,9999999
𤯆眜,ngonz mawts,9999999
𤯆𠰘,ngonz mieengj,9999999
𥄬𤯆,ngur ngonz,9999999
蹎𩄲,chaanz maayz,9999999
呌求,keeuz caauf,9999999
呌𡗶,keeuz trowif,9999999
𣈖𦝄,bongs trawngz,9999999
䬔𦝄,gios trawngz,9999999
吀嘲,xinz chaof,9999999
同音,ddoongf aamz,9999999
半音,bans aamz,9999999
音樂古典,aamz nhacj coor ddieenr,9999999
觀音,quanz aamz,9999999
元音,nguyeenz aamz,9999999
音節,aamz teets,9999999
多音節,ddaz aamz tieets,9999999
發音,phats aamz,9999999
輔音,phuj aamz,9999999
音響,aamz huwowngr,9999999
半輔音,bans phuj aamz,9999999
題引,ddeef daanx,9999999
論題,luaanj ddeef,9999999
前提,tieenf ddeef,9999999
籺椒,hatj tieeuz,9999999
籺珠,hatj chaauz,9999999
籺𩅹,hatj muwaz,9999999
籺蓮,hatj senz,9999999
夾籺,giaps hatj,9999999
萬一,vanj nhaats,9999999
萬物,vanj vaatj,9999999
萬能,vanj nawngz,9999999
𠬠萬,mootj vanj,9999999
製品,chees phaamr,9999999
音樂古典,aamz nhacj coor ddieenr,9999999
字典,tuwj ddieenr,9999999
藥典,duwowcj ddieenr,9999999
絏引,daayz daanx,9999999
絏電,daayz ddieenj,9999999
唏力,howiz suwcs,9999999
壓力空氣,aps luwcj khoongz khis,9999999
馬力,max luwcj,9999999
家庭边内,giaz ddinhf beenz nooij,9999999
婆内,baf nooij,9999999
内治,nooij trij,9999999
内能,nooij nawngz,9999999
入内,nhaapj nooij,9999999
河内,haf nooij,9999999
内堂,nooij dduwowngf,9999999
内在,nooij taij,9999999
多値,ddaz trij,9999999
多音節,ddaz aamz tieets,9999999
㹥猫,chos meof,9999999
盤碁,banf cowf,9999999
出口,xuaats khaaur,9999999
入口,nhaapj khaaur,9999999
海口,hair khaaur,9999999
口分,khaaur phaanf,9999999
戶口,hooj khaaur,9999999
恩情,aanz tinhf,9999999
情恩,tinhf aanz,9999999
恩人,aanz nhaanz,9999999
𠭤恩,trar ownz,9999999
媒介,mooiz giowis,9999999
媒場學,mooiz truwowngf hocj,9999999
證引,chuwngs daanx,9999999
引證,daanx chuwngs,9999999
音響,aamz huwowngr,9999999
地勢,ddiaj thees,9999999
地域,ddiaj vuwcj,9999999
客地,khachs ddiaj,9999999
地中海,ddiaj trungz hair,9999999
地球,ddiaj caauf,9999999
地理,ddiaj lys,9999999
地政治,ddiaj chinhs trij,9999999
地質學,ddiaj chaats hocj,9999999
後屬地,haauj thuoocj ddiaj,9999999
𣋀土,saoz thoor,9999999
土耳其,thoor nhix kyf,9999999
遺址,diz chir,9999999
失常,thaats thuwowngf,9999999
失陣,thaats traanj,9999999
庄他,chawngr thaf,9999999
杏仁,hanhj nhaanz,9999999
出口,xuaats khaaur,9999999
埃及,aiz caapj,9999999
𥾘𥿗,sowij chir,9999999
夾戰,giaps chieens,9999999
夾界,giaps giowis,9999999
夾籺,giaps hatj,9999999
夾𩈘,giaps mawtj,9999999
接夾,tieeps giaps,9999999
漢越,hans vieetj,9999999
漢文,hans vawnz,9999999
英明,anhz minhz,9999999
金英,kimz anhz,9999999
㗂英,tieengs anhz,9999999
英國,anhz quoocs,9999999
王國英,vuwowngz quoocs anhz,9999999
俗語,tucj nguwx,9999999
語系,nguwx heej,9999999
論語,luaanj nguwx,9999999
次二,thuws nhif,9999999
第二,ddeej nhif,9999999
二元,nhij nguyeenz,9999999
盒書,hoopj thuwz,9999999
嫩𥘷,nonz trer,9999999
𡽫滝,nonz soongz,9999999
𡶀𡽫,nuis nonz,9999999
𡽫渃,nonz nuwowcs,9999999
決定論,quyeets ddinhj luaanj,9999999
盤論,banf luaanj,9999999
論題,luaanj ddeef,9999999
社論,xax luaanj,9999999
論拠,luaanj cuws,9999999
論語,luaanj nguwx,9999999
葻蓮,boongz senz,9999999
籺蓮,hatj senz,9999999
祝𢜠𢆥㵋,chucs muwngf nawmz mowis,9999999
求祝,caauf chucs,9999999
祝書,chucs thuwz,9999999
𡉕島,honf ddaor,9999999
近視,caanj thij,9999999
近代,caanj ddaij,9999999
𤗲巾,taams khawnz,9999999
庯舍,phoos xas,9999999
副詞,phos tuwf,9999999
詞源,tuwf nguyeenz,9999999
助動詞,trowj ddoongj tuwf,9999999
輔詞,phuj tuwf,9999999
必要,taats yeeus,9999999
第一,ddeej nhaats,9999999
第二,ddeej nhif,9999999
大本營,ddaij banr doanhz,9999999
大營,ddaij doanhz,9999999
本營,banr doanhz,9999999
營数,doanhz soos,9999999
合營,howpj doanhz,9999999
聯營,lieenz doanhz,9999999
國營,quoocs doanhz,9999999
𣋀火,saoz hoar,9999999
火山,hoar sownz,9999999
火星,hoar tinhz,9999999
喂推,ooiz thooiz,9999999
𧿆𡶀,dayx nuis,9999999
𠳐𠳒,vaangz lowif,9999999
唯𠳐,daj vaangz,9999999
係数,heej soos,9999999
語系,nguwx heej,9999999
警衛,canhr veej,9999999
民衛,daanz veej,9999999
防衛,phongf veej,9999999
碎伵,tooiz tows,9999999
魚場,nguwz truwowngf,9999999
魚翁,nguwz oongz,9999999
執政,chaaps chinhs,9999999
斤書,caanz thuwz,9999999
孟劸,manhj khoer,9999999
五常,ngux thuwowngf,9999999
𥃑五果,maamz ngux quar,9999999
學問,hocj vaans,9999999
發問,phats vaans,9999999
讎恨,thuf haanj,9999999
銀行𧖱,ngaanz hangf maus,9999999
考查,khaor traz,9999999
查究,traz cuwus,9999999
𡦂喃,chuwx noomz,9999999
渃炊,nuwowcs sooiz,9999999
産婦,sanr phuj,9999999
孔子,khoongr tuwr,9999999
孔教,khoongr giaos,9999999
決定論,quyeets ddinhj luaanj,9999999
壓力空氣,aps luwcj khoongz khis,9999999
𡦂儒,chuwx nhoz,9999999
大儒,ddaij nhoz,9999999
茹儒,nhaf nhoz,9999999
儒家,nhoz giaz,9999999
儒教,nhoz giaos,9999999
儒學,nhoz hocj,9999999
儒士,nhoz six,9999999
儒生,nhoz sinhz,9999999
改組,cair toor,9999999
改良,cair luwowngz,9999999
考查,khaor traz,9999999
考古學,khaor coor hocj,9999999
埋没,maiz mootj,9999999
没藥,mootj duwowcj,9999999
𢭲,vois,9999999
𢭲𢬣,vois tayz,9999999
𢭲細,vois towis,9999999
美,myx,9999999
㗂美,tieengs myx,9999999
美術,myx thuaatj,9999999
洲美,chaauz myx,9999999
北美,bawcs myx,9999999
南美,namz myx,9999999
𠱋,roof,9999999
紀,kyr,9999999
世紀,thees kyr,9999999
紀元,kyr nguyeenz,9999999
𥿗,chir,9999999
𥾘𥿗,sowij chir,9999999
險,hieemr,9999999
探險,thams hieemr,9999999
呸,baayj,9999999
𣊾,baayz,9999999
𣊾饒,baayz nhieeuz,9999999
饒,nhieeuz,9999999
𣊾饒,baayz nhieeuz,9999999
悔,hoois,9999999
悔惜,hoois tieecs,9999999
𥽢,phenf,9999999
糖𥽢,dduwowngf phenf,9999999
几,kir,9999999
研,nghieenz,9999999
研究生,nghieenz cuwus sinhz,9999999
中心研究,trungz taamz nghieenz cuwus,9999999
院研究,vieenj nghieenz cuwus,9999999
互,hoox,9999999
仕,xayr,9999999
鳥,ddieeur,9999999
天鳥,thieenz ddieeur,9999999
片,phieens,9999999
阿片,az phieens,9999999
鴉片,nhaz phieens,9999999
迺,nayx,9999999
欺迺,khiz nayx,9999999
班迺,banz nayx,9999999
止,chir,9999999
ㇴ,laij,9999999
撑ㇴ,xanhz xanhz,9999999
𠫾ㇴ吏ㇴ,ddiz ddiz laij laij,9999999
埃ㇴ,aiz aiz,9999999
ㇶ,chuyr,9999999
𖿱,nhays,9999999
